,String,Target,Ends_with_3alfa,Starts_with_2alpha,Starts_with_alfa,Ends_with_alfa,Ends_with_2alfa,Vowels,Distant_vowels
0,gopi,name,opi,go,g,i,pi,2,2
1,gaarapati,surname,ati,ga,g,i,ti,5,2
2,madgula,surname,ula,ma,m,a,la,3,2
3,pedda,surname,dda,pe,p,a,da,2,2
4,shrnu,name,rnu,sh,s,u,nu,1,1
5,abhishek,name,hek,ab,a,k,ek,3,3
6,kumar,name,mar,ku,k,r,ar,2,2
7,guptha,name,tha,gu,g,a,ha,2,2
8,naga,name,aga,na,n,a,ga,2,1
9,charry,name,rry,ch,c,y,ry,1,1
10,chennumalla,surname,lla,ch,c,a,la,4,3
11,sunitha,name,tha,su,s,a,ha,3,3
12,mudem,surname,dem,mu,m,m,em,2,2
13,yar,surname,yar,ya,y,r,ar,1,1
14,reddy,name,ddy,re,r,y,dy,1,1
15,rami,name,ami,ra,r,i,mi,2,2
17,yaarraam,surname,aam,ya,y,m,am,4,1
18,elisha,name,sha,el,e,a,ha,3,3
19,kodey,surname,dey,ko,k,y,ey,2,2
20,achchamma,name,mma,ac,a,a,ma,3,1
22,lacchuvamma,name,mma,la,l,a,ma,4,2
23,yarramshivamma,name,mma,ya,y,a,ma,5,2
24,kotta,surname,tta,ko,k,a,ta,2,2
25,maha,name,aha,ma,m,a,ha,2,1
26,lakshmamma,name,mma,la,l,a,ma,3,1
28,biksham,surname,ham,bi,b,m,am,2,2
29,bisam,surname,sam,bi,b,m,am,2,2
30,lingaiah,name,iah,li,l,h,ah,4,2
32,kanakamma,name,mma,ka,k,a,ma,4,1
33,morrimekala,surname,ala,mo,m,a,la,5,4
34,sankaraiah,name,iah,sa,s,h,ah,5,2
35,merrimokala,surname,ala,me,m,a,la,5,4
36,battiranna,surname,nna,ba,b,a,na,4,2
37,yagu,surname,agu,ya,y,u,gu,2,2
38,guti,surname,uti,gu,g,i,ti,2,2
39,gangaiah,name,iah,ga,g,h,ah,4,2
40,eguti,surname,uti,eg,e,i,ti,3,3
41,narsimha,name,mha,na,n,a,ha,3,2
42,rav,surname,rav,ra,r,v,av,1,1
44,saidamma,name,mma,sa,s,a,ma,4,2
45,merimekala,surname,ala,me,m,a,la,5,3
46,nagajyothi,name,thi,na,n,i,hi,4,3
47,veeraiah,name,iah,ve,v,h,ah,5,3
48,beesam,surname,sam,be,b,m,am,3,2
49,yagti,surname,gti,ya,y,i,ti,2,2
50,nagaiah,name,iah,na,n,h,ah,4,2
52,badhramma,name,mma,ba,b,a,ma,3,1
53,yagiti,name,iti,ya,y,i,ti,3,2
54,venkata,name,ata,ve,v,a,ta,3,2
55,rammana,name,ana,ra,r,a,na,3,1
56,posham,surname,ham,po,p,m,am,2,2
57,shankarreddy,name,ddy,sh,s,y,dy,3,2
59,kondareddy,name,ddy,ko,k,y,dy,3,3
61,venkat,name,kat,ve,v,t,at,2,2
62,ramreddy,name,ddy,ra,r,y,dy,2,2
64,anasuryamma,name,mma,an,a,a,ma,5,2
66,naglakshmi,name,hmi,na,n,i,mi,3,2
67,pasham,surname,ham,pa,p,m,am,2,1
68,nagamani,name,ani,na,n,i,ni,4,2
70,krishnaiah,name,iah,kr,k,h,ah,4,2
72,mani,name,ani,ma,m,i,ni,2,2
73,janiga,surname,iga,ja,j,a,ga,3,2
74,srinivasarao,name,rao,sr,s,o,ao,6,3
76,tirupamma,name,mma,ti,t,a,ma,4,3
77,emula,surname,ula,em,e,a,la,3,3
79,vemu,name,emu,ve,v,u,mu,2,2
80,l,surname,l,l,l,l,l,0,0
81,raaja,name,aja,ra,r,a,ja,3,1
82,ontipuli,surname,uli,on,o,i,li,4,3
83,gaddaiah,name,iah,ga,g,h,ah,4,2
85,kausalya,name,lya,ka,k,a,ya,4,2
87,padma,name,dma,pa,p,a,ma,2,1
88,uppatalla,surname,lla,up,u,a,la,4,2
89,enkateshwarlu,name,rlu,en,e,u,lu,5,3
91,chinnammayi,name,ayi,ch,c,i,yi,4,2
95,veeramma,surname,mma,ve,v,a,ma,4,2
96,bisem,surname,sem,bi,b,m,em,2,2
97,manga,name,nga,ma,m,a,ga,2,1
98,boddu,surname,ddu,bo,b,u,du,2,2
99,sathyanarayan,name,yan,sa,s,n,an,5,1
101,ramakrishnarao,name,rao,ra,r,o,ao,6,3
103,vijailaxmi,name,xmi,vi,v,i,mi,5,2
105,bharathi,name,thi,bh,b,i,hi,3,2
107,raamsaidulu,name,ulu,ra,r,u,lu,6,3
111,jiyoti,name,oti,ji,j,i,ti,3,2
113,kavit,name,vit,ka,k,t,it,2,2
114,nakka,surname,kka,na,n,a,ka,2,1
115,upender,name,der,up,u,r,er,3,2
116,reddi,surname,ddi,re,r,i,di,2,2
117,jansi,name,nsi,ja,j,i,si,2,2
118,rani,name,ani,ra,r,i,ni,2,2
121,saidulu,name,ulu,sa,s,u,lu,4,3
123,pichaiah,name,iah,pi,p,h,ah,4,2
125,janamma,name,mma,ja,j,a,ma,3,1
127,baghyalakshmi,name,hmi,ba,b,i,mi,4,2
130,sankara,name,ara,sa,s,a,ra,3,1
131,shantaiah,name,iah,sh,s,h,ah,4,2
132,sunkaraboina,surname,ina,su,s,a,na,6,4
133,bodamma,name,mma,bo,b,a,ma,3,2
135,narashimha,name,mha,na,n,a,ha,4,2
136,r,name,r,r,r,r,r,0,0
138,nagamma,name,mma,na,n,a,ma,3,1
140,sovamma,name,mma,so,s,a,ma,3,2
141,areddyboina,surname,ina,ar,a,a,na,5,4
142,enkanna,name,nna,en,e,a,na,3,2
144,anagamma,name,mma,an,a,a,ma,4,1
146,china,name,ina,ch,c,a,na,2,2
147,venkatareddi,name,ddi,ve,v,i,di,5,3
148,emulaanagamma,name,mma,em,e,a,ma,7,3
150,kamlaareddy,name,ddy,ka,k,y,dy,4,2
152,parvatamma,name,mma,pa,p,a,ma,4,1
153,pataraboyina,surname,ina,pa,p,a,na,6,3
154,kotamma,name,mma,ko,k,a,ma,3,2
155,zakula,name,ula,za,z,a,la,3,2
156,lingamma,name,mma,li,l,a,ma,3,2
157,sankarasetty,surname,tty,sa,s,y,ty,4,2
158,bhrahmam,name,mam,bh,b,m,am,2,1
159,yaarram,surname,ram,ya,y,m,am,3,1
161,ravamma,name,mma,ra,r,a,ma,3,1
163,kashamma,name,mma,ka,k,a,ma,3,1
164,mamidi,surname,idi,ma,m,i,di,3,2
165,durgamma,name,mma,du,d,a,ma,3,2
166,yarram,surname,ram,ya,y,m,am,2,1
167,gopaiah,name,iah,go,g,h,ah,4,3
169,lacchaiah,name,iah,la,l,h,ah,4,2
170,madugula,surname,ula,ma,m,a,la,4,2
172,derangula,surname,ula,de,d,a,la,4,3
173,ravi,name,avi,ra,r,i,vi,2,2
175,irmala,name,ala,ir,i,a,la,3,2
176,turaka,surname,aka,tu,t,a,ka,3,2
177,ramana,name,ana,ra,r,a,na,3,1
178,mallikharjuna,name,una,ma,m,a,na,5,3
179,rao,name,rao,ra,r,o,ao,2,2
181,bandaru,surname,aru,ba,b,u,ru,3,2
182,anji,surname,nji,an,a,i,ji,2,2
184,shivama,name,ama,sh,s,a,ma,3,2
185,pak,surname,pak,pa,p,k,ak,1,1
186,somamma,name,mma,so,s,a,ma,3,2
188,shreenivas,name,vas,sh,s,s,as,4,3
190,jakkula,surname,ula,ja,j,a,la,3,2
192,zakkula,surname,ula,za,z,a,la,3,2
194,upputala,surname,ala,up,u,a,la,4,2
195,balaswamy,name,amy,ba,b,y,my,3,1
196,uppathalla,surname,lla,up,u,a,la,4,2
199,mariamma,name,mma,ma,m,a,ma,4,2
200,bathula,surname,ula,ba,b,a,la,3,2
201,suvartha,surname,tha,su,s,a,ha,3,2
202,chegondi,surname,ndi,ch,c,i,di,3,3
203,lakshuvamma,name,mma,la,l,a,ma,4,2
209,venkanna,name,nna,ve,v,a,na,3,2
211,veerayya,name,yya,ve,v,a,ya,4,2
215,narasma,name,sma,na,n,a,ma,3,1
218,cegondi,name,ndi,ce,c,i,di,3,3
219,venkatravamma,name,mma,ve,v,a,ma,5,2
220,chinnapangu,surname,ngu,ch,c,u,gu,4,3
221,ramarao,name,rao,ra,r,o,ao,4,2
223,ramulamma,name,mma,ra,r,a,ma,4,2
227,chinna,name,nna,ch,c,a,na,2,2
230,vijaya,name,aya,vi,v,a,ya,3,2
234,shantamma,name,mma,sh,s,a,ma,3,1
236,anthony,name,ony,an,a,y,ny,2,2
237,sampathi,name,thi,sa,s,i,hi,3,2
238,parvatalu,surname,alu,pa,p,u,lu,4,2
240,kumari,name,ari,ku,k,i,ri,3,3
241,sampathu,name,thu,sa,s,u,hu,3,2
245,moonaga,surname,aga,mo,m,a,ga,4,2
250,shanbhamma,name,mma,sh,s,a,ma,3,1
252,shambhaiah,name,iah,sh,s,h,ah,4,2
254,uma,name,uma,um,u,a,ma,2,2
258,shriniva,name,iva,sh,s,a,va,3,2
262,lakshminarsamma,name,mma,la,l,a,ma,5,2
263,gorinkala,surname,ala,go,g,a,la,4,3
264,nagalakshmi,name,hmi,na,n,i,mi,4,2
268,tarakmma,name,mma,ta,t,a,ma,3,1
269,tammishetti,surname,tti,ta,t,i,ti,4,3
270,varlakshmi,name,hmi,va,v,i,mi,3,2
271,irla,surname,rla,ir,i,a,la,2,2
272,jayamma,name,mma,ja,j,a,ma,3,1
274,lavanya,name,nya,la,l,a,ya,3,1
275,tammisetti,surname,tti,ta,t,i,ti,4,3
276,anjaneyulu,name,ulu,an,a,u,lu,5,3
281,tavidishetty,surname,tty,ta,t,y,ty,4,3
282,nagaswararao,name,rao,na,n,o,ao,6,2
284,kantamma,name,mma,ka,k,a,ma,3,1
286,aadilakshmi,name,hmi,aa,a,i,mi,5,2
287,konda,surname,nda,ko,k,a,da,2,2
288,nrasimhmarao,name,rao,nr,n,o,ao,5,3
290,sashamma,surname,mma,sa,s,a,ma,3,1
291,pasupuleti,surname,eti,pa,p,i,ti,5,4
292,basavaiah,name,iah,ba,b,h,ah,5,2
294,nageshwar,name,war,na,n,r,ar,3,2
297,kavamma,name,mma,ka,k,a,ma,3,1
302,bhumireddi,name,ddi,bh,b,i,di,4,3
304,sunkarboina,name,ina,su,s,a,na,5,4
305,kankabaabu,name,abu,ka,k,u,bu,5,2
307,venkamma,name,mma,ve,v,a,ma,3,2
308,sukrboina,name,ina,su,s,a,na,4,4
310,kalyanam,surname,nam,ka,k,m,am,3,1
311,subbarao,name,rao,su,s,o,ao,4,3
313,suryavati,surname,ati,su,s,i,ti,4,3
314,pindiga,surname,iga,pi,p,a,ga,3,2
318,findiga,surname,iga,fi,f,a,ga,3,2
319,veeramma,name,mma,ve,v,a,ma,4,2
323,venkaiah,name,iah,ve,v,h,ah,4,3
329,rajyalakshmi,name,hmi,ra,r,i,mi,4,2
331,kotaiah,name,iah,ko,k,h,ah,4,3
333,narsaiah,name,iah,na,n,h,ah,4,2
335,emelamma,name,mma,em,e,a,ma,4,2
337,kotamma,surname,mma,ko,k,a,ma,3,2
338,kotcherla,surname,rla,ko,k,a,la,3,3
339,baabu,surname,abu,ba,b,u,bu,3,2
341,sheo,surname,heo,sh,s,o,eo,2,2
342,pappu,surname,ppu,pa,p,u,pu,2,2
348,radha,name,dha,ra,r,a,ha,2,1
358,guruswamy,name,amy,gu,g,y,my,3,2
360,venkatamma,name,mma,ve,v,a,ma,4,2
362,amulu,name,ulu,am,a,u,lu,3,2
370,parvataalu,name,alu,pa,p,u,lu,5,2
371,pindaga,name,aga,pi,p,a,ga,3,2
372,shreelatha,name,tha,sh,s,a,ha,4,2
374,mose,surname,ose,mo,m,e,se,2,2
379,rambai,name,bai,ra,r,i,ai,3,2
380,daggupati,surname,ati,da,d,i,ti,4,3
385,tirptamma,name,mma,ti,t,a,ma,3,2
395,annapoorna,name,rna,an,a,a,na,5,2
396,yerram,name,ram,ye,y,m,am,2,2
397,karuna,name,una,ka,k,a,na,3,2
399,ramanamma,name,mma,ra,r,a,ma,4,1
401,narisetti,name,tti,na,n,i,ti,4,3
402,manukuri,name,uri,ma,m,i,ri,4,3
403,hanuyamma,name,mma,ha,h,a,ma,4,2
404,katikam,name,kam,ka,k,m,am,3,2
406,kanakaa,surname,kaa,ka,k,a,aa,4,1
408,mulukuri,surname,uri,mu,m,i,ri,4,2
409,srihari,name,ari,sr,s,i,ri,3,2
411,pandilla,surname,lla,pa,p,a,la,3,2
412,palli,surname,lli,pa,p,i,li,2,2
414,orsu,surname,rsu,or,o,u,su,2,2
415,punya,surname,nya,pu,p,a,ya,2,2
416,vathi,surname,thi,va,v,i,hi,2,2
417,engishetti,surname,tti,en,e,i,ti,4,2
418,saidaiah,name,iah,sa,s,h,ah,5,2
419,naidu,name,idu,na,n,u,du,3,3
420,vangishetti,name,tti,va,v,i,ti,4,3
421,nagabhooshanam,surname,nam,na,n,m,am,6,2
424,venagi,name,agi,ve,v,i,gi,3,3
425,setty,surname,tty,se,s,y,ty,1,1
426,swarajyam,name,yam,sw,s,m,am,3,1
428,kondaiah,name,iah,ko,k,h,ah,4,3
438,busineti,surname,eti,bu,b,i,ti,4,3
439,kasaiah,name,iah,ka,k,h,ah,4,2
440,narasa,name,asa,na,n,a,sa,3,1
441,raju,name,aju,ra,r,u,ju,2,2
442,mahankali,name,ali,ma,m,i,li,4,2
443,bommishetti,surname,tti,bo,b,i,ti,4,3
444,anjaiah,name,iah,an,a,h,ah,4,2
445,gunja,surname,nja,gu,g,a,ja,2,2
448,aanjaneyulu,name,ulu,aa,a,u,lu,6,3
452,krishna,name,hna,kr,k,a,na,2,2
453,bhoomiareddy,surname,ddy,bh,b,y,dy,5,4
454,nagi,name,agi,na,n,i,gi,2,2
455,areddy,surname,ddy,ar,a,y,dy,2,2
456,vankadari,name,ari,va,v,i,ri,4,2
457,vishnuwar,surname,war,vi,v,r,ar,3,3
458,dan,name,dan,da,d,n,an,1,1
461,ramnarsu,surname,rsu,ra,r,u,su,3,2
465,chinaenkateshwarlu,name,rlu,ch,c,u,lu,7,4
466,katla,surname,tla,ka,k,a,la,2,1
468,mokka,surname,kka,mo,m,a,ka,2,2
469,yalmanda,surname,nda,ya,y,a,da,3,1
471,somayya,name,yya,so,s,a,ya,3,2
472,areddymalla,name,lla,ar,a,a,la,4,2
473,gurvaiah,name,iah,gu,g,h,ah,4,3
474,swamy,name,amy,sw,s,y,my,1,1
478,reddimalla,surname,lla,re,r,a,la,4,3
479,jinagiri,name,iri,ji,j,i,ri,4,2
483,bhalakrishan,name,han,bh,b,n,an,4,2
485,andirappa,surname,ppa,an,a,a,pa,4,2
487,prakasam,name,sam,pr,p,m,am,3,1
489,mariydasu,name,asu,ma,m,u,su,4,3
494,mohanrao,name,rao,mo,m,o,ao,4,2
496,suresha,name,sha,su,s,a,ha,3,3
497,karlapudi,surname,udi,ka,k,i,di,4,3
499,ambadipudi,surname,udi,am,a,i,di,5,3
502,suresh,name,esh,su,s,h,sh,2,2
503,shiva,name,iva,sh,s,a,va,2,2
505,marishetti,surname,tti,ma,m,i,ti,4,3
506,lakkamalla,surname,lla,la,l,a,la,4,1
507,mattaiah,name,iah,ma,m,h,ah,4,2
509,durgaiah,surname,iah,du,d,h,ah,4,3
513,appaiah,name,iah,ap,a,h,ah,4,2
518,pattipati,surname,ati,pa,p,i,ti,4,2
519,peeraiah,name,iah,pe,p,h,ah,5,3
522,unnooru,surname,oru,un,u,u,ru,4,2
523,sudhakar,surname,kar,su,s,r,ar,3,2
525,vinoda,name,oda,vi,v,a,da,3,3
527,chinnappa,name,ppa,ch,c,a,pa,3,2
531,chandraiah,name,iah,ch,c,h,ah,4,2
532,varam,surname,ram,va,v,m,am,2,1
533,rangaiah,name,iah,ra,r,h,ah,4,2
535,guravaiah,name,iah,gu,g,h,ah,5,3
536,muppalla,surname,lla,mu,m,a,la,3,2
537,samelu,surname,elu,sa,s,u,lu,3,3
539,jarji,surname,rji,ja,j,i,ji,2,2
542,latchimalla,surname,lla,la,l,a,la,4,2
543,pandu,name,ndu,pa,p,u,du,2,2
544,nagaraju,name,aju,na,n,u,ju,4,2
545,lakshmmalla,name,lla,la,l,a,la,3,1
550,uunnuru,surname,uru,uu,u,u,ru,4,1
551,anurudhrudu,name,udu,an,a,u,du,5,2
552,achaiah,name,iah,ac,a,h,ah,4,2
553,vunnuru,surname,uru,vu,v,u,ru,3,1
555,pirbhudasu,surname,asu,pi,p,u,su,4,3
556,vunnooru,surname,oru,vu,v,u,ru,4,2
565,shambaiah,name,iah,sh,s,h,ah,4,2
569,parushuram,name,ram,pa,p,m,am,4,2
573,gopal,surname,pal,go,g,l,al,2,2
576,baiyulu,surname,ulu,ba,b,u,lu,4,3
578,shrinivas,name,vas,sh,s,s,as,3,2
580,madugal,name,gal,ma,m,l,al,3,2
583,gottemukkula,surname,ula,go,g,a,la,5,4
584,shrinu,name,inu,sh,s,u,nu,2,2
588,aanandamu,surname,amu,aa,a,u,mu,5,2
593,ambadapudi,surname,udi,am,a,i,di,5,3
598,tavva,surname,vva,ta,t,a,va,2,1
602,peda,surname,eda,pe,p,a,da,2,2
605,bhikshareddy,name,ddy,bh,b,y,dy,3,3
606,kondalu,surname,alu,ko,k,u,lu,3,3
608,chakkera,surname,era,ch,c,a,ra,3,2
609,kotireddy,surname,ddy,ko,k,y,dy,3,3
611,atchutrao,name,rao,at,a,o,ao,4,3
614,irugu,surname,ugu,ir,i,u,gu,3,2
615,mallayya,name,yya,ma,m,a,ya,3,1
616,kotah,name,tah,ko,k,h,ah,2,2
617,nagireddi,name,ddi,na,n,i,di,4,3
618,kamatam,surname,tam,ka,k,m,am,3,1
622,veerababu,name,abu,ve,v,u,bu,5,3
625,mogili,surname,ili,mo,m,i,li,3,2
626,venkataiah,name,iah,ve,v,h,ah,5,3
628,braham,name,ham,br,b,m,am,2,1
630,lakshmaiah,name,iah,la,l,h,ah,4,2
632,raam,name,aam,ra,r,m,am,2,1
634,chenna,surname,nna,ch,c,a,na,2,2
636,bussa,surname,ssa,bu,b,a,sa,2,2
637,marisetty,surname,tty,ma,m,y,ty,3,3
638,veeraswami,name,ami,ve,v,i,mi,5,3
640,tirumlaiah,name,iah,ti,t,h,ah,5,3
641,nageswara,name,ara,na,n,a,ra,4,2
643,marisetti,surname,tti,ma,m,i,ti,4,3
644,veerakumari,name,ari,ve,v,i,ri,6,4
646,sunkari,surname,ari,su,s,i,ri,3,3
647,govindarao,name,rao,go,g,o,ao,5,3
651,ramanarsaiah,name,iah,ra,r,h,ah,6,2
652,kondari,surname,ari,ko,k,i,ri,3,3
653,hanumamtha,name,tha,ha,h,a,ha,4,2
658,brahmaiah,name,iah,br,b,h,ah,4,2
659,ramaiah,name,iah,ra,r,h,ah,4,2
664,hanumantharao,name,rao,ha,h,o,ao,6,3
666,kamatamu,name,amu,ka,k,u,mu,4,2
667,narasimharao,name,rao,na,n,o,ao,6,3
668,pindrati,surname,ati,pi,p,i,ti,3,2
669,sarita,name,ita,sa,s,a,ta,3,2
670,naralashetti,surname,tti,na,n,i,ti,5,3
672,puramnetti,surname,tti,pu,p,i,ti,4,4
673,koteswaramm,name,amm,ko,k,m,mm,4,3
675,saidalingarao,name,rao,sa,s,o,ao,7,3
676,kamatham,surname,ham,ka,k,m,am,3,1
677,naresh,name,esh,na,n,h,sh,2,2
679,singamshetti,surname,tti,si,s,i,ti,4,3
683,punyavathi,name,thi,pu,p,i,hi,4,3
684,vedipala,surname,ala,ve,v,a,la,4,3
685,sulochana,name,ana,su,s,a,na,4,3
686,vanguri,surname,uri,va,v,i,ri,3,3
688,padiloju,surname,oju,pa,p,u,ju,4,4
689,pushplata,name,ata,pu,p,a,ta,3,2
691,sashikala,name,ala,sa,s,a,la,4,2
693,baratamma,name,mma,ba,b,a,ma,4,1
694,banal,surname,nal,ba,b,l,al,2,1
695,ramadaevi,name,evi,ra,r,i,vi,5,3
697,venkatrmana,name,ana,ve,v,a,na,4,2
698,bijala,surname,ala,bi,b,a,la,3,2
699,lakshmi,name,hmi,la,l,i,mi,2,2
700,gunje,surname,nje,gu,g,e,je,2,2
701,parvathi,name,thi,pa,p,i,hi,3,2
703,rajeshwari,name,ari,ra,r,i,ri,4,3
707,nageshwari,name,ari,na,n,i,ri,4,3
711,bholaxmi,name,xmi,bh,b,i,mi,3,3
712,katthi,surname,thi,ka,k,i,hi,2,2
713,lakshwamma,name,mma,la,l,a,ma,3,1
717,pichamma,name,mma,pi,p,a,ma,3,2
718,akarapu,surname,apu,ak,a,u,pu,4,2
719,kalyani,name,ani,ka,k,i,ni,3,2
721,eeshvaramma,name,mma,ee,e,a,ma,5,2
722,upputalla,surname,lla,up,u,a,la,4,2
725,kameshwarama,name,ama,ka,k,a,ma,5,2
726,dharmaboina,surname,ina,dh,d,a,na,5,3
728,parakala,surname,ala,pa,p,a,la,4,1
729,subdhara,name,ara,su,s,a,ra,3,2
730,pendli,surname,dli,pe,p,i,li,2,2
731,ruchendra,name,dra,ru,r,a,ra,3,3
732,morremakala,surname,ala,mo,m,a,la,5,3
733,ramadevi,name,evi,ra,r,i,vi,4,3
735,challa,surname,lla,ch,c,a,la,2,1
737,guravamma,name,mma,gu,g,a,ma,4,2
738,battula,surname,ula,ba,b,a,la,3,2
739,ankalu,surname,alu,an,a,u,lu,3,2
742,merrimekula,name,ula,me,m,a,la,5,4
743,durga,name,rga,du,d,a,ga,2,2
745,danalaxmi,name,xmi,da,d,i,mi,4,2
746,uppu,surname,ppu,up,u,u,pu,2,1
749,prakashamma,name,mma,pr,p,a,ma,4,1
751,punnamma,name,mma,pu,p,a,ma,3,2
756,kotha,surname,tha,ko,k,a,ha,2,2
757,thirupathamma,name,mma,th,t,a,ma,5,3
758,cherukuri,surname,uri,ch,c,i,ri,4,3
759,sandhya,name,hya,sa,s,a,ya,2,1
761,anjamma,name,mma,an,a,a,ma,3,1
765,veerama,surname,ama,ve,v,a,ma,4,2
771,krishanaveni,name,eni,kr,k,i,ni,5,3
772,shek,surname,hek,sh,s,k,ek,1,1
773,hussen,surname,sen,hu,h,n,en,2,2
774,bee,surname,bee,be,b,e,ee,2,1
775,yerupula,surname,ula,ye,y,a,la,4,3
776,veeranaraya,name,aya,ve,v,a,ya,6,2
778,uneeta,name,eta,un,u,a,ta,4,3
779,pathi,surname,thi,pa,p,i,hi,2,2
780,koteshvaramma,name,mma,ko,k,a,ma,5,3
781,dewala,surname,ala,de,d,a,la,3,2
782,bhulachami,name,ami,bh,b,i,mi,4,3
783,batula,surname,ula,ba,b,a,la,3,2
784,luxmidevi,name,evi,lu,l,i,vi,4,3
785,siddepalli,name,lli,si,s,i,li,4,3
786,sarojini,name,ini,sa,s,i,ni,4,3
792,lachami,name,ami,la,l,i,mi,3,2
793,kunchaali,surname,ali,ku,k,i,li,4,3
794,satyavathi,name,thi,sa,s,i,hi,4,2
800,lal,surname,lal,la,l,l,al,1,1
802,soda,surname,oda,so,s,a,da,2,2
803,aandalamma,name,mma,aa,a,a,ma,5,1
808,sayyad,surname,yad,sa,s,d,ad,2,1
809,edda,surname,dda,ed,e,a,da,2,2
810,yaku,surname,aku,ya,y,u,ku,2,2
811,bhi,surname,bhi,bh,b,i,hi,1,1
813,yakku,surname,kku,ya,y,u,ku,2,2
815,mahamkali,name,ali,ma,m,i,li,4,2
819,saiahdsaidabi,name,abi,sa,s,i,bi,7,2
821,hussenbi,surname,nbi,hu,h,i,bi,3,3
822,mahmad,surname,mad,ma,m,d,ad,2,1
823,rubina,name,ina,ru,r,a,na,3,3
824,bandi,surname,ndi,ba,b,i,di,2,2
825,janakamma,name,mma,ja,j,a,ma,4,1
826,chinpangu,surname,ngu,ch,c,u,gu,3,3
827,deenamma,name,mma,de,d,a,ma,4,2
828,aakula,surname,ula,aa,a,a,la,4,2
830,yanapangu,surname,ngu,ya,y,u,gu,4,2
831,prashanthi,name,thi,pr,p,i,hi,3,2
832,laxmamma,name,mma,la,l,a,ma,3,1
833,paaparla,surname,rla,pa,p,a,la,4,1
834,paati,surname,ati,pa,p,i,ti,3,2
837,kathi,surname,thi,ka,k,i,hi,2,2
838,savitramma,name,mma,sa,s,a,ma,4,2
839,tallam,surname,lam,ta,t,m,am,2,1
841,latha,name,tha,la,l,a,ha,2,1
842,pokala,surname,ala,po,p,a,la,3,2
844,ambatipudi,surname,udi,am,a,i,di,5,3
845,svarupa,name,upa,sv,s,a,pa,3,2
847,amrthamma,name,mma,am,a,a,ma,3,1
850,bommishetty,name,tty,bo,b,y,ty,3,3
853,adivamma,name,mma,ad,a,a,ma,4,2
854,naralshetti,surname,tti,na,n,i,ti,4,3
855,tulshamma,name,mma,tu,t,a,ma,3,2
856,mahankhali,name,ali,ma,m,i,li,4,2
857,malleshwari,name,ari,ma,m,i,ri,4,3
858,mellacheruvu,surname,uvu,me,m,u,vu,5,3
859,sammrajyam,name,yam,sa,s,m,am,3,1
860,chitriala,surname,ala,ch,c,a,la,4,2
861,sujata,name,ata,su,s,a,ta,3,2
862,meesala,surname,ala,me,m,a,la,4,2
863,dastagiramma,name,mma,da,d,a,ma,5,2
865,arana,name,ana,ar,a,a,na,3,1
867,km,surname,km,km,k,m,km,0,0
869,sampooren,name,ren,sa,s,n,en,4,3
873,ramalachchuvamma,name,mma,ra,r,a,ma,6,2
875,devakarnamma,name,mma,de,d,a,ma,5,2
877,esumani,name,ani,es,e,i,ni,4,4
880,ambatiputa,surname,uta,am,a,a,ta,5,3
881,thiruparamma,name,mma,th,t,a,ma,5,3
885,pangu,surname,ngu,pa,p,u,gu,2,2
886,pushapalatha,name,tha,pu,p,a,ha,5,2
887,chinapangu,surname,ngu,ch,c,u,gu,4,3
892,varalu,surname,alu,va,v,u,lu,3,2
893,m.d.,surname,.d.,m.,m,0,d.,0,0
894,gousiya,name,iya,go,g,a,ya,4,4
896,kiran,name,ran,ki,k,n,an,2,2
901,ammoramma,name,mma,am,a,a,ma,4,2
906,naralishetty,name,tty,na,n,y,ty,4,3
907,koteshwari,name,ari,ko,k,i,ri,4,4
908,mahmad,name,mad,ma,m,d,ad,2,1
909,fatheema,name,ema,fa,f,a,ma,4,2
910,mahakali,name,ali,ma,m,i,li,4,2
914,ammaee,surname,aee,am,a,e,ee,4,2
915,laxmaiah,name,iah,la,l,h,ah,4,2
916,mellachervu,surname,rvu,me,m,u,vu,4,3
918,naralasetti,surname,tti,na,n,i,ti,5,3
920,yampangu,surname,ngu,ya,y,u,gu,3,2
922,dantanur,surname,nur,da,d,r,ur,3,2
923,ramesh,name,esh,ra,r,h,sh,2,2
925,rama,name,ama,ra,r,a,ma,2,1
927,burri,surname,rri,bu,b,i,ri,2,2
928,swarupa,name,upa,sw,s,a,pa,3,2
930,ramu,name,amu,ra,r,u,mu,2,2
931,sirangi,name,ngi,si,s,i,gi,3,2
932,khajabegam,name,gam,kh,k,m,am,4,2
933,saiyadh,surname,adh,sa,s,h,dh,3,2
934,anjali,name,ali,an,a,i,li,3,2
935,malotu,surname,otu,ma,m,u,tu,3,3
936,sri,name,sri,sr,s,i,ri,1,1
937,harsha,name,sha,ha,h,a,ha,2,1
938,komera,surname,era,ko,k,a,ra,3,3
941,nemalikanti,name,nti,ne,n,i,ti,5,3
942,chennaksavulu,name,ulu,ch,c,u,lu,5,3
943,mudugu,surname,ugu,mu,m,u,gu,3,1
946,jani,name,ani,ja,j,i,ni,2,2
947,pasha,surname,sha,pa,p,a,ha,2,1
948,shaik,surname,aik,sh,s,k,ik,2,2
949,srinivasa,name,asa,sr,s,a,sa,4,2
951,boreddy,surname,ddy,bo,b,y,dy,2,2
952,govindamma,name,mma,go,g,a,ma,4,3
954,ealiyamma,name,mma,ea,e,a,ma,5,3
955,guuna,surname,una,gu,g,a,na,3,2
957,saileja,name,eja,sa,s,a,ja,4,3
959,veerareddy,name,ddy,ve,v,y,dy,4,2
961,gowsha,name,sha,go,g,a,ha,2,2
962,begum,surname,gum,be,b,m,um,2,2
964,madhavi,name,avi,ma,m,i,vi,3,2
965,pandillapalli,surname,lli,pa,p,i,li,5,2
966,vemula,surname,ula,ve,v,a,la,3,3
970,jala,surname,ala,ja,j,a,la,2,1
972,vishweshwar,name,war,vi,v,r,ar,3,3
978,mariyamma,name,mma,ma,m,a,ma,4,2
981,erram,name,ram,er,e,m,am,2,2
986,kirthi,surname,thi,ki,k,i,hi,2,1
988,goud,surname,oud,go,g,d,ud,2,2
989,mogali,name,ali,mo,m,i,li,3,3
990,adinarayana,name,ana,ad,a,a,na,6,2
991,gundasiri,name,iri,gu,g,i,ri,4,3
994,maarishetti,name,tti,ma,m,i,ti,5,3
997,srikanth,name,nth,sr,s,h,th,2,2
998,gorre,surname,rre,go,g,e,re,2,2
999,anil,name,nil,an,a,l,il,2,2
1001,narmadha,name,dha,na,n,a,ha,3,1
1003,nancharla,surname,rla,na,n,a,la,3,1
1005,thota,surname,ota,th,t,a,ta,2,2
1007,balachennarao,name,rao,ba,b,o,ao,6,3
1010,balakrishna,name,hna,ba,b,a,na,4,2
1015,koteswara,name,ara,ko,k,a,ra,4,3
1025,naraayana,name,ana,na,n,a,na,5,1
1027,sankarachari,name,ari,sa,s,i,ri,5,2
1029,venkatachari,name,ari,ve,v,i,ri,5,3
1033,koteshvar,name,var,ko,k,r,ar,3,3
1035,rupana,name,ana,ru,r,a,na,3,2
1036,vijay,name,jay,vi,v,y,ay,2,2
1037,tellakula,surname,ula,te,t,a,la,4,3
1040,kankdurgprasad,name,sad,ka,k,d,ad,4,2
1043,vamshi,name,shi,va,v,i,hi,2,2
1045,shyam,name,yam,sh,s,m,am,1,1
1048,edukondalu,name,alu,ed,e,u,lu,5,4
1050,venkatasvaami,name,ami,ve,v,i,mi,6,3
1055,swathi,name,thi,sw,s,i,hi,2,2
1062,jojappa,name,ppa,jo,j,a,pa,3,2
1066,balaraju,name,aju,ba,b,u,ju,4,2
1074,suryam,name,yam,su,s,m,am,2,2
1076,peddiraju,name,aju,pe,p,u,ju,4,4
1078,shankar,name,kar,sh,s,r,ar,2,1
1080,nagul,name,gul,na,n,l,ul,2,2
1081,meera,name,era,me,m,a,ra,3,2
1082,palla,surname,lla,pa,p,a,la,2,1
1083,koteshwara,name,ara,ko,k,a,ra,4,3
1086,venkasvami,name,ami,ve,v,i,mi,4,3
1090,hassan,name,san,ha,h,n,an,2,1
1091,sab,name,sab,sa,s,b,ab,1,1
1093,innaiah,name,iah,in,i,h,ah,4,2
1095,imam,surname,mam,im,i,m,am,2,2
1096,alee,surname,lee,al,a,e,ee,3,2
1098,bajee,name,jee,ba,b,e,ee,3,2
1100,dastagiri,name,iri,da,d,i,ri,4,2
1101,mamakkali,surname,ali,ma,m,i,li,4,2
1105,mahabub,surname,bub,ma,m,b,ub,3,2
1106,ali,name,ali,al,a,i,li,2,2
1111,narayana,name,ana,na,n,a,na,4,1
1113,chennaiah,name,iah,ch,c,h,ah,4,3
1115,aeervadam,name,dam,ae,a,m,am,5,2
1119,saida,name,ida,sa,s,a,da,3,2
1123,venkatrao,name,rao,ve,v,o,ao,4,3
1125,ranjit,name,jit,ra,r,t,it,2,2
1130,bakkaiah,surname,iah,ba,b,h,ah,4,2
1132,sathyam,name,yam,sa,s,m,am,2,1
1136,esobu,surname,obu,es,e,u,bu,3,3
1140,ramakrishan,name,han,ra,r,n,an,4,2
1142,joji,surname,oji,jo,j,i,ji,2,2
1144,mr,surname,mr,mr,m,r,mr,0,0
1148,yam.d.lathif,surname,hif,ya,y,f,if,3,2
1155,narasimha,name,mha,na,n,a,ha,4,2
1158,laxmilavanya,name,nya,la,l,a,ya,5,2
1160,sharabandi,name,ndi,sh,s,i,di,4,2
1162,kanakayya,name,yya,ka,k,a,ya,4,1
1163,pole,surname,ole,po,p,e,le,2,2
1164,nagendra,name,dra,na,n,a,ra,3,2
1165,babu,name,abu,ba,b,u,bu,2,2
1166,tirunagar,surname,gar,ti,t,r,ar,4,3
1167,saideswar,name,war,sa,s,r,ar,4,3
1172,gopamma,name,mma,go,g,a,ma,3,2
1173,charikuri,surname,uri,ch,c,i,ri,4,3
1175,badavath,surname,ath,ba,b,h,th,3,1
1176,elleswari,name,ari,el,e,i,ri,4,3
1177,reddymalla,surname,lla,re,r,a,la,3,2
1178,prameela,name,ela,pr,p,a,la,4,2
1180,varshini,name,ini,va,v,i,ni,3,2
1181,burgula,surname,ula,bu,b,a,la,3,2
1182,manasa,name,asa,ma,m,a,sa,3,1
1184,mounika,name,ika,mo,m,a,ka,4,4
1187,nayak,surname,yak,na,n,k,ak,2,1
1188,gugulothu,surname,thu,gu,g,u,hu,4,2
1189,vasantha,name,tha,va,v,a,ha,3,1
1190,gangavarapu,name,apu,ga,g,u,pu,5,2
1193,laxmi,name,xmi,la,l,i,mi,2,2
1194,yamapangu,surname,ngu,ya,y,u,gu,4,2
1196,devalla,surname,lla,de,d,a,la,3,2
1197,shanthi,name,thi,sh,s,i,hi,2,2
1201,seeta,name,eta,se,s,a,ta,3,2
1202,mahalakshmi,name,hmi,ma,m,i,mi,4,2
1203,pillalamarri,surname,rri,pi,p,i,ri,5,2
1207,himamm,name,amm,hi,h,m,mm,2,2
1212,prasada,name,ada,pr,p,a,da,3,1
1215,sandya,name,dya,sa,s,a,ya,2,1
1216,chithnuluri,surname,uri,ch,c,i,ri,4,2
1217,venkateshwara,name,ara,ve,v,a,ra,5,2
1218,chary,name,ary,ch,c,y,ry,1,1
1219,anepu,surname,epu,an,a,u,pu,3,3
1221,upputhalla,surname,lla,up,u,a,la,4,2
1222,savithri,name,hri,sa,s,i,ri,3,2
1224,mahibuubi,surname,ubi,ma,m,i,bi,5,3
1226,gopalareddy,name,ddy,go,g,y,dy,4,3
1227,samula,name,ula,sa,s,a,la,3,2
1229,karnati,surname,ati,ka,k,i,ti,3,2
1230,praveena,name,ena,pr,p,a,na,4,2
1231,karne,surname,rne,ka,k,e,ne,2,2
1232,achi,name,chi,ac,a,i,hi,2,2
1235,ashok,name,hok,as,a,k,ok,2,2
1237,beerala,surname,ala,be,b,a,la,4,2
1238,shamborani,surname,ani,sh,s,i,ni,4,3
1241,damerla,surname,rla,da,d,a,la,3,2
1243,gudipudi,name,udi,gu,g,i,di,4,2
1244,kameswaramma,name,mma,ka,k,a,ma,5,2
1245,yarraboina,surname,ina,ya,y,a,na,5,3
1248,naveen,name,een,na,n,n,en,3,2
1250,erigella,surname,lla,er,e,a,la,4,3
1253,pagadala,surname,ala,pa,p,a,la,4,1
1256,samrajyam,name,yam,sa,s,m,am,3,1
1261,nimmala,name,ala,ni,n,a,la,3,2
1262,lurdamma,name,mma,lu,l,a,ma,3,2
1264,sujatha,name,tha,su,s,a,ha,3,2
1267,anusha,name,sha,an,a,a,ha,3,2
1268,damarla,surname,rla,da,d,a,la,3,1
1271,sivalinga,name,nga,si,s,a,ga,4,2
1273,daram,surname,ram,da,d,m,am,2,1
1276,uppathala,surname,ala,up,u,a,la,4,2
1277,usha,name,sha,us,u,a,ha,2,2
1284,kaladindi,name,ndi,ka,k,i,di,4,2
1285,praveen,name,een,pr,p,n,en,3,2
1286,kolothu,surname,thu,ko,k,u,hu,3,2
1289,sundaramma,surname,mma,su,s,a,ma,4,2
1291,shivakanthachari,name,ari,sh,s,i,ri,6,2
1292,suroju,name,oju,su,s,u,ju,3,2
1293,nagulmeera,name,era,na,n,a,ra,5,3
1298,shivaji,name,aji,sh,s,i,ji,3,2
1302,ramavarapu,surname,apu,ra,r,u,pu,5,2
1303,gayatri,name,tri,ga,g,i,ri,3,2
1305,swapna,name,pna,sw,s,a,na,2,1
1307,yusuf,name,suf,yu,y,f,uf,2,1
1308,khan,name,han,kh,k,n,an,1,1
1309,pattan,surname,tan,pa,p,n,an,2,1
1312,reshma,name,hma,re,r,a,ma,2,2
1314,sravan,name,van,sr,s,n,an,2,1
1316,chennuri,surname,uri,ch,c,i,ri,3,3
1317,saraswathi,name,thi,sa,s,i,hi,4,2
1318,rompikuntla,name,tla,ro,r,a,la,4,4
1321,rajani,name,ani,ra,r,i,ni,3,2
1323,ravindar,name,dar,ra,r,r,ar,3,2
1327,poloju,surname,oju,po,p,u,ju,3,2
1328,pothulura,name,ura,po,p,a,ra,4,3
1331,kavitha,name,tha,ka,k,a,ha,3,2
1332,kakunoori,surname,ori,ka,k,i,ri,5,4
1333,seetha,name,tha,se,s,a,ha,3,2
1334,pilutla,name,tla,pi,p,a,la,3,3
1335,lukaram,name,ram,lu,l,m,am,3,2
1336,dewasi,name,asi,de,d,i,si,3,3
1337,goutham,name,ham,go,g,m,am,3,3
1339,vupputhalla,surname,lla,vu,v,a,la,4,2
1340,lenin,name,nin,le,l,n,in,2,2
1343,alivelu,name,elu,al,a,u,lu,4,4
1346,gundra,surname,dra,gu,g,a,ra,2,2
1350,mahesh,name,esh,ma,m,h,sh,2,2
1351,gunti,surname,nti,gu,g,i,ti,2,2
1353,baanala,surname,ala,ba,b,a,la,4,1
1355,kota,surname,ota,ko,k,a,ta,2,2
1358,kovvuri,surname,uri,ko,k,i,ri,3,3
1359,nageshwarrao,name,rao,na,n,o,ao,5,3
1360,kovuuri,surname,uri,ko,k,i,ri,4,3
1361,karunakar,name,kar,ka,k,r,ar,4,2
1362,rudrapangu,surname,ngu,ru,r,u,gu,4,2
1367,kalavathi,name,thi,ka,k,i,hi,4,2
1371,rambabu,name,abu,ra,r,u,bu,3,2
1372,uppatala,surname,ala,up,u,a,la,4,2
1373,seelaxmi,name,xmi,se,s,i,mi,4,3
1376,varra,surname,rra,va,v,a,ra,2,1
1379,anumula,name,ula,an,a,a,la,4,2
1383,vallepu,surname,epu,va,v,u,pu,3,3
1384,radhakumari,name,ari,ra,r,i,ri,5,3
1388,pushpa,name,hpa,pu,p,a,pa,2,2
1389,thanneru,name,eru,th,t,u,ru,3,3
1393,veera,surname,era,ve,v,a,ra,3,2
1395,mulakalapalli,surname,lli,mu,m,i,li,6,3
1396,srinu,name,inu,sr,s,u,nu,2,2
1400,mishra,surname,hra,mi,m,a,ra,2,2
1401,mandavi,name,avi,ma,m,i,vi,3,2
1405,alakunta,surname,nta,al,a,a,ta,4,2
1408,lurdhamma,name,mma,lu,l,a,ma,3,2
1413,bogala,surname,ala,bo,b,a,la,3,2
1414,sowjanya,name,nya,so,s,a,ya,3,2
1415,kunreddy,surname,ddy,ku,k,y,dy,2,2
1416,pramila,name,ila,pr,p,a,la,3,2
1418,narsi,surname,rsi,na,n,i,si,2,2
1421,gaddma,surname,dma,ga,g,a,ma,2,1
1422,kakunuri,surname,uri,ka,k,i,ri,4,3
1423,sunkara,surname,ara,su,s,a,ra,3,2
1424,bala,surname,ala,ba,b,a,la,2,1
1428,sai,name,sai,sa,s,i,ai,2,2
1434,boggula,surname,ula,bo,b,a,la,3,3
1437,veeramreddy,name,ddy,ve,v,y,dy,4,2
1441,saidireddy,name,ddy,sa,s,y,dy,4,3
1443,sithamma,name,mma,si,s,a,ma,3,2
1444,marudi,surname,udi,ma,m,i,di,3,3
1445,vidyadari,surname,ari,vi,v,i,ri,4,2
1446,alvala,surname,ala,al,a,a,la,3,1
1447,bhavani,name,ani,bh,b,i,ni,3,2
1453,chinta,name,nta,ch,c,a,ta,2,2
1455,shantakumari,name,ari,sh,s,i,ri,5,3
1456,thammishetti,name,tti,th,t,i,ti,4,3
1459,vijayasimhareddy,name,ddy,vi,v,y,dy,6,3
1461,shirisha,name,sha,sh,s,a,ha,3,2
1462,pikkiili,surname,ili,pi,p,i,li,4,1
1463,renuka,name,uka,re,r,a,ka,3,3
1464,peraboina,surname,ina,pe,p,a,na,5,4
1467,kashaiah,name,iah,ka,k,h,ah,4,2
1468,baade,surname,ade,ba,b,e,de,3,2
1469,badramma,name,mma,ba,b,a,ma,3,1
1470,bade,surname,ade,ba,b,e,de,2,2
1471,lachi,surname,chi,la,l,i,hi,2,2
1473,bodduri,surname,uri,bo,b,i,ri,3,3
1478,agiti,surname,iti,ag,a,i,ti,3,2
1481,venkateswarlu,name,rlu,ve,v,u,lu,5,3
1483,narayanareddy,name,ddy,na,n,y,dy,5,2
1484,poshamu,surname,amu,po,p,u,mu,3,3
1487,jyosu,name,osu,jy,j,u,su,2,2
1490,siva,name,iva,si,s,a,va,2,2
1492,munaga,surname,aga,mu,m,a,ga,3,2
1493,kondal,surname,dal,ko,k,l,al,2,2
1494,shekar,name,kar,sh,s,r,ar,2,2
1496,rajesh,name,esh,ra,r,h,sh,2,2
1497,annepagu,surname,agu,an,a,u,gu,4,3
1498,guru,name,uru,gu,g,u,ru,2,1
1500,morrimakala,name,ala,mo,m,a,la,5,3
1501,johny,name,hny,jo,j,y,ny,1,1
1506,ramasaidhulu,name,ulu,ra,r,u,lu,6,3
1507,raghavulu,name,ulu,ra,r,u,lu,4,2
1508,guntti,name,tti,gu,g,i,ti,2,2
1509,nagarjunapu,name,apu,na,n,u,pu,5,2
1510,nagachary,name,ary,na,n,y,ry,3,1
1511,padmavathi,name,thi,pa,p,i,hi,4,2
1512,vuttukuri,surname,uri,vu,v,i,ri,4,2
1521,nareshetti,name,tti,na,n,i,ti,4,3
1531,padhama,name,ama,pa,p,a,ma,3,1
1533,devakarna,surname,rna,de,d,a,na,4,2
1534,roja,name,oja,ro,r,a,ja,2,2
1539,anita,name,ita,an,a,a,ta,3,2
1540,jiniga,surname,iga,ji,j,a,ga,3,2
1549,bhulakshmamma,name,mma,bh,b,a,ma,4,2
1551,chennamma,name,mma,ch,c,a,ma,3,2
1553,anit,surname,nit,an,a,t,it,2,2
1554,butti,name,tti,bu,b,i,ti,2,2
1557,rathnamma,name,mma,ra,r,a,ma,3,1
1559,annamma,name,mma,an,a,a,ma,3,1
1570,yalamandamma,name,mma,ya,y,a,ma,5,1
1574,indiramma,name,mma,in,i,a,ma,4,2
1586,bodamma,surname,mma,bo,b,a,ma,3,2
1588,auruna,name,una,au,a,a,na,4,2
1589,lankemalla,surname,lla,la,l,a,la,4,2
1591,nukattu,surname,ttu,nu,n,u,tu,3,2
1596,rattamma,name,mma,ra,r,a,ma,3,1
1597,adi,name,adi,ad,a,i,di,2,2
1601,shushil,name,hil,sh,s,l,il,2,2
1608,aitharajulu,name,ulu,ai,a,u,lu,6,3
1613,ramatulasamma,name,mma,ra,r,a,ma,6,2
1615,shouramma,name,mma,sh,s,a,ma,4,3
1619,meramma,name,mma,me,m,a,ma,3,2
1623,vaaram,surname,ram,va,v,m,am,3,1
1627,rangamma,name,mma,ra,r,a,ma,3,1
1631,adilakshmi,name,hmi,ad,a,i,mi,4,2
1632,kampasati,name,ati,ka,k,i,ti,4,2
1633,iswaramma,surname,mma,is,i,a,ma,4,2
1635,neelamma,name,mma,ne,n,a,ma,4,2
1637,chandramma,name,mma,ch,c,a,ma,3,1
1639,dnyanmma,name,mma,dn,d,a,ma,2,1
1641,sharmma,name,mma,sh,s,a,ma,2,1
1642,muppala,surname,ala,mu,m,a,la,3,2
1643,shoureelu,name,elu,sh,s,u,lu,5,3
1645,kamoshwaramma,name,mma,ka,k,a,ma,5,2
1648,seelam,name,lam,se,s,m,am,3,2
1649,sugunamma,surname,mma,su,s,a,ma,4,2
1651,mucchu,surname,chu,mu,m,u,hu,2,1
1652,pullamma,name,mma,pu,p,a,ma,3,2
1654,unnuru,surname,uru,un,u,u,ru,3,1
1657,narsayia,name,yia,na,n,a,ia,4,2
1659,devid,name,vid,de,d,d,id,2,2
1660,raj,name,raj,ra,r,j,aj,1,1
1664,daggapati,name,ati,da,d,i,ti,4,2
1669,terojamma,surname,mma,te,t,a,ma,4,3
1677,gosula,surname,ula,go,g,a,la,3,3
1678,seetamma,name,mma,se,s,a,ma,4,2
1682,premamma,name,mma,pr,p,a,ma,3,2
1684,tirupatamma,surname,mma,ti,t,a,ma,5,3
1686,soubhagyam,surname,yam,so,s,m,am,4,3
1688,ratnakumari,name,ari,ra,r,i,ri,5,3
1692,chanderkant,name,ant,ch,c,t,nt,3,2
1708,suseelamma,name,mma,su,s,a,ma,5,3
1710,brahmam,name,mam,br,b,m,am,2,1
1714,tallapelli,surname,lli,ta,t,i,li,4,3
1715,siluvamma,surname,mma,si,s,a,ma,4,3
1719,i,surname,i,i,i,i,i,1,1
1720,nukabattina,surname,ina,nu,n,a,na,5,3
1724,yellamma,name,mma,ye,y,a,ma,3,2
1727,padmavathy,name,thy,pa,p,y,hy,3,1
1730,chandana,name,ana,ch,c,a,na,3,1
1731,thavva,name,vva,th,t,a,va,2,1
1733,gangamma,surname,mma,ga,g,a,ma,3,1
1734,dandagala,surname,ala,da,d,a,la,4,1
1738,shambamma,name,mma,sh,s,a,ma,3,1
1749,solleti,surname,eti,so,s,i,ti,3,3
1753,vedupula,surname,ula,ve,v,a,la,4,3
1755,umamaheshvari,name,ari,um,u,i,ri,6,4
1758,sreelatha,name,tha,sr,s,a,ha,4,2
1770,kamtam,name,tam,ka,k,m,am,2,1
1776,muthineni,surname,eni,mu,m,i,ni,4,3
1777,sreedevi,name,evi,sr,s,i,vi,4,2
1778,uppula,surname,ula,up,u,a,la,3,2
1779,bhartmma,name,mma,bh,b,a,ma,2,1
1781,sunkamma,name,mma,su,s,a,ma,3,2
1786,gosi,surname,osi,go,g,i,si,2,2
1790,ramaraju,name,aju,ra,r,u,ju,4,2
1791,shodaraju,name,aju,sh,s,u,ju,4,3
1793,venkatanarsamma,name,mma,ve,v,a,ma,6,2
1800,tummalacheruvu,surname,uvu,tu,t,u,vu,6,3
1817,kondaru,surname,aru,ko,k,u,ru,3,3
1819,krishtamma,name,mma,kr,k,a,ma,3,2
1821,yashoda,name,oda,ya,y,a,da,3,2
1826,koderi,surname,eri,ko,k,i,ri,3,3
1828,kondrari,name,ari,ko,k,i,ri,3,3
1831,nukalamma,name,mma,nu,n,a,ma,4,2
1833,vijailakshmi,name,hmi,vi,v,i,mi,5,2
1835,shambhulingam,surname,gam,sh,s,m,am,4,3
1843,erra,surname,rra,er,e,a,ra,2,2
1848,ankamma,name,mma,an,a,a,ma,3,1
1855,dhaasari,name,ari,dh,d,i,ri,4,2
1856,sudha,name,dha,su,s,a,ha,2,2
1860,nandisetty,name,tty,na,n,y,ty,3,3
1870,sunkarboyi,name,oyi,su,s,i,yi,4,4
1871,varalakshmi,name,hmi,va,v,i,mi,4,2
1873,yalamanchi,name,chi,ya,y,i,hi,4,2
1875,kashinarayanamma,name,mma,ka,k,a,ma,7,2
1881,upmarao,name,rao,up,u,o,ao,4,3
1882,marieshetty,surname,tty,ma,m,y,ty,4,3
1883,parusharamudu,name,udu,pa,p,u,du,6,2
1886,naralasetty,surname,tty,na,n,y,ty,4,2
1890,kondaiah,surname,iah,ko,k,h,ah,4,3
1904,elishamma,surname,mma,el,e,a,ma,4,3
1907,vijayalaxmi,name,xmi,vi,v,i,mi,5,2
1908,tota,name,ota,to,t,a,ta,2,2
1909,shamili,name,ili,sh,s,i,li,3,2
1910,pindrathi,name,thi,pi,p,i,hi,3,2
1918,nagarjuna,name,una,na,n,a,na,4,2
1919,nagabrahamam,name,mam,na,n,m,am,5,1
1921,dakka,surname,kka,da,d,a,ka,2,1
1922,subharani,name,ani,su,s,i,ni,4,3
1923,dokka,name,kka,do,d,a,ka,2,2
1928,venkateshwar,name,war,ve,v,r,ar,4,2
1931,jan,surname,jan,ja,j,n,an,1,1
1932,sankari,surname,ari,sa,s,i,ri,3,2
1935,mortala,surname,ala,mo,m,a,la,3,2
1936,prveen,name,een,pr,p,n,en,2,1
1937,banala,name,ala,ba,b,a,la,3,1
1938,krishnaveni,name,eni,kr,k,i,ni,4,3
1939,paloju,surname,oju,pa,p,u,ju,3,3
1941,chari,name,ari,ch,c,i,ri,2,2
1942,polloju,name,oju,po,p,u,ju,3,2
1943,racha,surname,cha,ra,r,a,ha,2,1
1945,vira,surname,ira,vi,v,a,ra,2,2
1953,srilaxmi,name,xmi,sr,s,i,mi,3,2
1955,rajkumar,name,mar,ra,r,r,ar,3,2
1958,ankaiah,name,iah,an,a,h,ah,4,2
1962,peddi,surname,ddi,pe,p,i,di,2,2
1967,nakshatra,name,tra,na,n,a,ra,3,1
1969,dharmaboyina,name,ina,dh,d,a,na,5,3
1973,vengal,surname,gal,ve,v,l,al,2,2
1976,satyam,name,yam,sa,s,m,am,2,1
1977,manikanta,name,nta,ma,m,a,ta,4,2
1982,morimekala,surname,ala,mo,m,a,la,5,4
1984,morri,surname,rri,mo,m,i,ri,2,2
1985,mekala,surname,ala,me,m,a,la,3,2
1989,yeleti,surname,eti,ye,y,i,ti,3,2
1990,karunakumari,name,ari,ka,k,i,ri,6,3
1995,muthayya,surname,yya,mu,m,a,ya,3,2
2000,podila,surname,ila,po,p,a,la,3,3
2006,pallavi,name,avi,pa,p,i,vi,3,2
2011,manohar,name,har,ma,m,r,ar,3,2
2016,venkateshwarlu,name,rlu,ve,v,u,lu,5,3
2018,srikant,name,ant,sr,s,t,nt,2,2
2020,bhavana,name,ana,bh,b,a,na,3,1
2021,nagendrababu,name,abu,na,n,u,bu,5,3
2029,swami,name,ami,sw,s,i,mi,2,2
2038,laxmidevi,name,evi,la,l,i,vi,4,3
2040,amaranadharao,name,rao,am,a,o,ao,7,2
2045,bahskar,name,kar,ba,b,r,ar,2,1
2046,ravu,surname,avu,ra,r,u,vu,2,2
2050,sodhi,name,dhi,so,s,i,hi,2,2
2056,amala,name,ala,am,a,a,la,3,1
2057,ambadipoodi,surname,odi,am,a,i,di,6,3
2068,thirupathi,name,thi,th,t,i,hi,4,3
2070,madhavarapu,name,apu,ma,m,u,pu,5,2
2071,ammoraiah,name,iah,am,a,h,ah,5,3
2076,poulu,surname,ulu,po,p,u,lu,3,2
2080,ratnabaabu,name,abu,ra,r,u,bu,5,2
2081,bakkamma,name,mma,ba,b,a,ma,3,1
2084,mansur,name,sur,ma,m,r,ur,2,2
2088,mahmadu,surname,adu,ma,m,u,du,3,2
2089,nahim,name,him,na,n,m,im,2,2
2090,rajeswari,name,ari,ra,r,i,ri,4,3
2091,banoth,surname,oth,ba,b,h,th,2,2
2095,brahmamma,name,mma,br,b,a,ma,3,1
2103,vani,name,ani,va,v,i,ni,2,2
2108,chittuluri,name,uri,ch,c,i,ri,4,2
2110,beemashetty,surname,tty,be,b,y,ty,4,2
2115,chittaluri,surname,uri,ch,c,i,ri,4,3
2117,devandla,surname,dla,de,d,a,la,3,2
2127,viktoriarani,name,ani,vi,v,i,ni,6,3
2131,shashikumar,name,mar,sh,s,r,ar,4,3
2133,sravani,name,ani,sr,s,i,ni,3,2
2145,tirpamma,name,mma,ti,t,a,ma,3,2
2147,papaaiah,name,iah,pa,p,h,ah,5,2
2149,aruna,name,una,ar,a,a,na,3,2
2152,mangalapalli,surname,lli,ma,m,i,li,5,2
2153,sandeep,name,eep,sa,s,p,ep,3,2
2162,mahesha,name,sha,ma,m,a,ha,3,2
2169,srajan,name,jan,sr,s,n,an,2,1
2176,adimalla,name,lla,ad,a,a,la,4,2
2184,adimilla,surname,lla,ad,a,a,la,4,2
2185,mekani,name,ani,me,m,i,ni,3,3
2186,yelu,surname,elu,ye,y,u,lu,2,2
2188,jayaraju,name,aju,ja,j,u,ju,4,2
2190,balaraju,surname,aju,ba,b,u,ju,4,2
2193,nirosha,name,sha,ni,n,a,ha,3,3
2199,esupangu,name,ngu,es,e,u,gu,4,3
2200,narendra,name,dra,na,n,a,ra,3,2
2204,kanakaiah,name,iah,ka,k,h,ah,5,2
2210,ankarao,name,rao,an,a,o,ao,4,2
2211,koppula,surname,ula,ko,k,a,la,3,3
2214,krishan,name,han,kr,k,n,an,2,2
2216,sindhu,name,dhu,si,s,u,hu,2,2
2217,priya,name,iya,pr,p,a,ya,2,2
2218,yanpangu,surname,ngu,ya,y,u,gu,3,2
2219,sharamma,name,mma,sh,s,a,ma,3,1
2221,eddaseetamma,name,mma,ed,e,a,ma,6,2
2227,indraja,name,aja,in,i,a,ja,3,2
2228,yaampangu,surname,ngu,ya,y,u,gu,4,2
2230,gandhi,name,dhi,ga,g,i,hi,2,2
2232,kuchum,name,hum,ku,k,m,um,2,1
2236,redapangu,surname,ngu,re,r,u,gu,4,3
2240,namwarpu,name,rpu,na,n,u,pu,3,2
2241,premlata,name,ata,pr,p,a,ta,3,2
2246,yapangu,surname,ngu,ya,y,u,gu,3,2
2249,bhikshamaiah,name,iah,bh,b,h,ah,5,2
2253,bhaskar,name,kar,bh,b,r,ar,2,1
2262,parnam,surname,nam,pa,p,m,am,2,1
2263,sayamma,name,mma,sa,s,a,ma,3,1
2269,satyavati,name,ati,sa,s,i,ti,4,2
2272,annapurna,name,rna,an,a,a,na,4,2
2281,badhe,surname,dhe,ba,b,e,he,2,2
2283,chaitanya,name,nya,ch,c,a,ya,4,2
2286,kumaari,name,ari,ku,k,i,ri,4,3
2287,yam,surname,yam,ya,y,m,am,1,1
2290,mangalpalli,name,lli,ma,m,i,li,4,2
2294,managalapalli,name,lli,ma,m,i,li,6,2
2295,shailaja,name,aja,sh,s,a,ja,4,2
2296,mangula,surname,ula,ma,m,a,la,3,2
2298,mariya,surname,iya,ma,m,a,ya,3,2
2299,dasu,name,asu,da,d,u,su,2,2
2304,sanjay,name,jay,sa,s,y,ay,2,1
2317,sailaja,name,aja,sa,s,a,ja,4,2
2324,takkella,surname,lla,ta,t,a,la,3,2
2331,suneeta,name,eta,su,s,a,ta,4,3
2333,kiranmayi,name,ayi,ki,k,i,yi,4,2
2337,devabhiksham,name,ham,de,d,m,am,4,3
2339,kishore,name,ore,ki,k,e,re,3,3
2342,chintal,surname,tal,ch,c,l,al,2,2
2344,chintala,surname,ala,ch,c,a,la,3,2
2345,navya,name,vya,na,n,a,ya,2,1
2347,dayakar,surname,kar,da,d,r,ar,3,1
2349,prabhkar,name,kar,pr,p,r,ar,2,1
2353,sudarshanam,name,nam,su,s,m,am,4,2
2354,sudharani,name,ani,su,s,i,ni,4,3
2355,chinthala,surname,ala,ch,c,a,la,3,2
2357,innashamma,name,mma,in,i,a,ma,4,2
2361,savitri,name,tri,sa,s,i,ri,3,2
2368,pallapu,surname,apu,pa,p,u,pu,3,2
2372,tallam,name,lam,ta,t,m,am,2,1
2373,harikrishan,name,han,ha,h,n,an,4,2
2387,sreenu,name,enu,sr,s,u,nu,3,2
2393,shivamma,name,mma,sh,s,a,ma,3,2
2395,vani,surname,ani,va,v,i,ni,2,2
2401,sambaiah,name,iah,sa,s,h,ah,4,2
2408,venkataratnam,name,nam,ve,v,m,am,5,2
2412,virakumari,surname,ari,vi,v,i,ri,5,3
2419,tella,name,lla,te,t,a,la,2,2
2424,esob,surname,sob,es,e,b,ob,2,2
2429,tirupathy,surname,thy,ti,t,y,hy,3,3
2431,ketireddi,surname,ddi,ke,k,i,di,4,2
2438,kethireddy,name,ddy,ke,k,y,dy,3,2
2439,shambi,name,mbi,sh,s,i,bi,2,2
2444,chatlla,surname,lla,ch,c,a,la,2,1
2449,ramlingamma,name,mma,ra,r,a,ma,4,2
2459,agnesu,name,esu,ag,a,u,su,3,3
2461,sitaramulu,name,ulu,si,s,u,lu,5,3
2463,saleem,name,eem,sa,s,m,em,3,2
2484,maisamma,name,mma,ma,m,a,ma,4,2
2486,bujji,name,jji,bu,b,i,ji,2,2
2488,venkataramana,name,ana,ve,v,a,na,6,2
2490,esu,name,esu,es,e,u,su,2,2
2492,naagsambaiah,surname,iah,na,n,h,ah,6,2
2496,saritha,name,tha,sa,s,a,ha,3,2
2497,pandi,surname,ndi,pa,p,i,di,2,2
2498,loordu,surname,rdu,lo,l,u,du,3,2
2499,meri,surname,eri,me,m,i,ri,2,2
2500,kammi,surname,mmi,ka,k,i,mi,2,2
2501,shetti,surname,tti,sh,s,i,ti,2,2
2507,tammi,surname,mmi,ta,t,i,mi,2,2
2511,tommi,name,mmi,to,t,i,mi,2,2
2513,gnaneshwari,name,ari,gn,g,i,ri,4,3
2516,pooja,name,oja,po,p,a,ja,3,2
2521,ram,name,ram,ra,r,m,am,1,1
2525,srinivas,name,vas,sr,s,s,as,3,2
2526,ketepalli,surname,lli,ke,k,i,li,4,3
2527,bhoodevi,name,evi,bh,b,i,vi,4,3
2528,coat,surname,oat,co,c,t,at,2,2
2531,sarashwathi,name,thi,sa,s,i,hi,4,2
2535,sudkar,name,kar,su,s,r,ar,2,2
2537,baththula,surname,ula,ba,b,a,la,3,2
2542,baki,name,aki,ba,b,i,ki,2,2
2547,vijayarani,name,ani,vi,v,i,ni,5,2
2549,adamu,surname,amu,ad,a,u,mu,3,2
2551,gundepangu,surname,ngu,gu,g,u,gu,4,3
2554,gundepangunagendr,surname,ndr,gu,g,r,dr,6,3
2555,a,surname,a,a,a,a,a,1,1
2561,kamula,name,ula,ka,k,a,la,3,2
2565,devandlapadma,name,dma,de,d,a,ma,5,2
2567,maleshwary,name,ary,ma,m,y,ry,3,2
2577,buchchavathi,name,thi,bu,b,i,hi,4,3
2578,shanta,name,nta,sh,s,a,ta,2,1
2581,thirupatamma,name,mma,th,t,a,ma,5,3
2582,buska,surname,ska,bu,b,a,ka,2,2
2590,saji,name,aji,sa,s,i,ji,2,2
2594,sompangu,surname,ngu,so,s,u,gu,3,3
2595,viktoriya,name,iya,vi,v,a,ya,4,3
2597,sarojyam,name,yam,sa,s,m,am,3,2
2601,janaiah,name,iah,ja,j,h,ah,4,2
2605,sudhakar,name,kar,su,s,r,ar,3,2
2607,baskar,name,kar,ba,b,r,ar,2,1
2608,vempati,surname,ati,ve,v,i,ti,3,3
2609,kalvati,name,ati,ka,k,i,ti,3,2
2612,pandiri,surname,iri,pa,p,i,ri,3,2
2624,idiah,name,iah,id,i,h,ah,3,2
2625,reda,surname,eda,re,r,a,da,2,2
2628,dhimini,name,ini,dh,d,i,ni,3,1
2629,anasurya,name,rya,an,a,a,ya,4,2
2631,laleetamma,name,mma,la,l,a,ma,5,2
2635,jyothi,name,thi,jy,j,i,hi,2,2
2641,kasturi,surname,uri,ka,k,i,ri,3,3
2643,narasimharava,name,ava,na,n,a,va,6,2
2644,redpangu,surname,ngu,re,r,u,gu,3,3
2647,nageshwara,name,ara,na,n,a,ra,4,2
2651,shankarayya,name,yya,sh,s,a,ya,4,1
2653,ravishankar,name,kar,ra,r,r,ar,4,2
2667,akkamma,name,mma,ak,a,a,ma,3,1
2673,mukteshwar,name,war,mu,m,r,ar,3,3
2677,v,surname,v,v,v,v,v,0,0
2680,kaldindi,name,ndi,ka,k,i,di,3,2
2681,adoori,surname,ori,ad,a,i,ri,4,3
2682,suwarta,surname,rta,su,s,a,ta,3,2
2683,aduri,surname,uri,ad,a,i,ri,3,3
2686,pavan,name,van,pa,p,n,an,2,1
2688,raueailmma,name,mma,ra,r,a,ma,6,4
2689,aadhuri,name,uri,aa,a,i,ri,4,3
2692,sarwan,name,wan,sa,s,n,an,2,1
2693,kr,surname,kr,kr,k,r,kr,0,0
2695,jailakshmi,name,hmi,ja,j,i,mi,4,2
2698,nageswarao,name,rao,na,n,o,ao,5,3
2700,pola,surname,ola,po,p,a,la,2,2
2702,lamma,name,mma,la,l,a,ma,2,1
2705,annepangu,surname,ngu,an,a,u,gu,4,3
2711,ketepelli,surname,lli,ke,k,i,li,4,2
2714,upendar,name,dar,up,u,r,ar,3,3
2716,peddashambhaiah,name,iah,pe,p,h,ah,6,3
2718,baburao,name,rao,ba,b,o,ao,4,3
2722,muthamma,name,mma,mu,m,a,ma,3,2
2726,vinod,name,nod,vi,v,d,od,2,2
2732,bachalakuri,name,uri,ba,b,i,ri,5,3
2736,vimalamma,name,mma,vi,v,a,ma,4,2
2745,pidmarti,name,rti,pi,p,i,ti,3,2
2746,elasamma,name,mma,el,e,a,ma,4,2
2748,moturi,surname,uri,mo,m,i,ri,3,3
2749,linagamma,surname,mma,li,l,a,ma,4,2
2754,rajyalachami,name,ami,ra,r,i,mi,5,2
2766,mangamma,name,mma,ma,m,a,ma,3,1
2767,bhanotu,name,otu,bh,b,u,tu,3,3
2777,salman,name,man,sa,s,n,an,2,1
2779,mohammed,surname,med,mo,m,d,ed,3,3
2780,raziya,name,iya,ra,r,a,ya,3,2
2782,shukur,name,kur,sh,s,r,ur,2,1
2792,chinnpangu,name,ngu,ch,c,u,gu,3,3
2797,mattamma,name,mma,ma,m,a,ma,3,1
2803,nagaratnam,name,nam,na,n,m,am,4,1
2811,bhaskararao,name,rao,bh,b,o,ao,5,2
2813,prasad,name,sad,pr,p,d,ad,2,1
2817,sikindar,name,dar,si,s,r,ar,3,2
2822,gopiraju,name,aju,go,g,u,ju,4,4
2824,umadevi,name,evi,um,u,i,vi,4,4
2834,bhikki,surname,kki,bh,b,i,ki,2,1
2836,bikki,surname,kki,bi,b,i,ki,2,1
2837,sarasvati,name,ati,sa,s,i,ti,4,2
2840,burra,surname,rra,bu,b,a,ra,2,2
2841,bhushamma,name,mma,bh,b,a,ma,3,2
2845,barhamareddy,name,ddy,ba,b,y,dy,4,2
2846,poosapati,surname,ati,po,p,i,ti,5,3
2847,padmavathy,surname,thy,pa,p,y,hy,3,1
2848,garlapati,surname,ati,ga,g,i,ti,4,2
2849,vijayashri,name,hri,vi,v,i,ri,4,2
2851,vasudevaravu,name,avu,va,v,u,vu,6,3
2852,chanakya,name,kya,ch,c,a,ya,3,1
2853,kashyapa,name,apa,ka,k,a,pa,3,1
2855,malleboyina,surname,ina,ma,m,a,na,5,4
2857,malleboina,surname,ina,ma,m,a,na,5,4
2864,mallamma,name,mma,ma,m,a,ma,3,1
2867,pusapati,surname,ati,pu,p,i,ti,4,3
2869,pusapaati,surname,ati,pu,p,i,ti,5,3
2881,shambhireddy,name,ddy,sh,s,y,dy,3,3
2882,venkateswara,name,ara,ve,v,a,ra,5,2
2885,nagalaxmi,name,xmi,na,n,i,mi,4,2
2887,eswaramma,name,mma,es,e,a,ma,4,2
2888,katakam,name,kam,ka,k,m,am,3,1
2892,batthula,surname,ula,ba,b,a,la,3,2
2895,bollepangu,surname,ngu,bo,b,u,gu,4,4
2898,eeshvaramma,surname,mma,ee,e,a,ma,5,2
2900,rajendra,name,dra,ra,r,a,ra,3,2
2908,kinnera,name,era,ki,k,a,ra,3,3
2910,sampath,name,ath,sa,s,h,th,2,1
2914,keerthi,name,thi,ke,k,i,hi,3,2
2920,koppuravuri,surname,uri,ko,k,i,ri,5,4
2922,tokala,surname,ala,to,t,a,la,3,2
2932,oruganti,surname,nti,or,o,i,ti,4,4
2937,narayanamma,name,mma,na,n,a,ma,5,1
2942,bomalaboina,surname,ina,bo,b,a,na,6,3
2943,gangamma,name,mma,ga,g,a,ma,3,1
2946,boggavarapu,surname,apu,bo,b,u,pu,5,3
2947,sambashivarao,name,rao,sa,s,o,ao,6,3
2949,rajya,name,jya,ra,r,a,ya,2,1
2953,bandla,name,dla,ba,b,a,la,2,1
2954,saidarao,name,rao,sa,s,o,ao,5,3
2955,korlapati,surname,ati,ko,k,i,ti,4,3
2965,malleswari,name,ari,ma,m,i,ri,4,3
2972,sankuri,surname,uri,sa,s,i,ri,3,3
2973,gowtham,name,ham,go,g,m,am,2,2
2974,vemuri,surname,uri,ve,v,i,ri,3,3
2976,nernakanti,name,nti,ne,n,i,ti,4,3
2980,janardhan,name,han,ja,j,n,an,3,1
2988,veeranjaneyulu,name,ulu,ve,v,u,lu,7,3
2993,morthala,surname,ala,mo,m,a,la,3,2
2994,gopinath,name,ath,go,g,h,th,3,3
2998,kondam,surname,dam,ko,k,m,am,2,2
3000,sarikonda,surname,nda,sa,s,a,da,4,3
3001,hussian,name,ian,hu,h,n,an,3,3
3002,bi,surname,bi,bi,b,i,bi,1,1
3004,phathimma,name,mma,ph,p,a,ma,3,2
3006,sainas,name,nas,sa,s,s,as,3,2
3008,roshan,name,han,ro,r,n,an,2,2
3009,baba,name,aba,ba,b,a,ba,2,1
3011,najeer,name,eer,na,n,r,er,3,2
3013,moulali,name,ali,mo,m,i,li,4,4
3014,sheak,surname,eak,sh,s,k,ak,2,2
3017,triveni,name,eni,tr,t,i,ni,3,2
3021,prabavathi,name,thi,pr,p,i,hi,4,2
3023,phani,name,ani,ph,p,i,ni,2,2
3026,sirishala,surname,ala,si,s,a,la,4,2
3028,pamu,surname,amu,pa,p,u,mu,2,2
3029,venu,name,enu,ve,v,u,nu,2,2
3030,gopal,name,pal,go,g,l,al,2,2
3034,tirumalashetty,name,tty,ti,t,y,ty,5,4
3036,utla,name,tla,ut,u,a,la,2,2
3037,jayindu,name,ndu,ja,j,u,du,3,3
3045,kotla,surname,tla,ko,k,a,la,2,2
3048,malleshvary,surname,ary,ma,m,y,ry,3,2
3050,munirathanam,name,nam,mu,m,m,am,5,3
3051,b,surname,b,b,b,b,b,0,0
3052,zareena,name,ena,za,z,a,na,4,2
3055,harshitha,name,tha,ha,h,a,ha,3,2
3056,nadimpalli,name,lli,na,n,i,li,4,2
3057,esupogu,surname,ogu,es,e,u,gu,4,3
3059,aadi,name,adi,aa,a,i,di,3,2
3060,malla,surname,lla,ma,m,a,la,2,1
3061,rajesha,name,sha,ra,r,a,ha,3,2
3064,venkatshivadurgap,name,gap,ve,v,p,ap,6,4
3065,rasad,name,sad,ra,r,d,ad,2,1
3071,laxmithirapamma,name,mma,la,l,a,ma,6,2
3073,anitha,name,tha,an,a,a,ha,3,2
3080,tunikipati,surname,ati,tu,t,i,ti,5,3
3081,nirmala,name,ala,ni,n,a,la,3,2
3082,deramgula,name,ula,de,d,a,la,4,3
3083,javalaiah,name,iah,ja,j,h,ah,5,2
3084,tamisetti,surname,tti,ta,t,i,ti,4,3
3085,lingaraju,name,aju,li,l,u,ju,4,3
3086,janige,surname,ige,ja,j,e,ge,3,3
3094,githanjali,surname,ali,gi,g,i,li,4,2
3098,lingarao,name,rao,li,l,o,ao,4,3
3104,ramanji,name,nji,ra,r,i,ji,3,2
3106,bareddy,surname,ddy,ba,b,y,dy,2,2
3111,narsimharao,name,rao,na,n,o,ao,5,3
3115,architha,name,tha,ar,a,a,ha,3,2
3116,chitukuri,surname,uri,ch,c,i,ri,4,2
3120,nandyala,name,ala,na,n,a,la,3,1
3123,murty,name,rty,mu,m,y,ty,1,1
3124,kolachina,surname,ina,ko,k,a,na,4,3
3130,banothu,surname,thu,ba,b,u,hu,3,3
3134,shaghamreddy,name,ddy,sh,s,y,dy,3,2
3136,venkatareddy,name,ddy,ve,v,y,dy,4,2
3139,kurapati,name,ati,ku,k,i,ti,4,3
3142,sravanthi,name,thi,sr,s,i,hi,3,2
3143,geeda,surname,eda,ge,g,a,da,3,2
3145,peram,surname,ram,pe,p,m,am,2,2
3153,mudugula,surname,ula,mu,m,a,la,4,2
3155,saidalinga,name,nga,sa,s,a,ga,5,2
3164,indira,name,ira,in,i,a,ra,3,2
3167,shaialaja,name,aja,sh,s,a,ja,5,2
3170,sisindri,name,dri,si,s,i,ri,3,1
3171,medari,name,ari,me,m,i,ri,3,3
3175,somagani,name,ani,so,s,i,ni,4,3
3177,elasagarapu,surname,apu,el,e,u,pu,6,3
3178,komi,surname,omi,ko,k,i,mi,2,2
3179,bai,name,bai,ba,b,i,ai,2,2
3180,bhukya,surname,kya,bh,b,a,ya,2,2
3182,ajmeera,surname,era,aj,a,a,ra,4,2
3183,prem,name,rem,pr,p,m,em,1,1
3190,yesumani,name,ani,ye,y,i,ni,4,4
3196,vankuduthu,surname,thu,va,v,u,hu,4,2
3197,madhira,name,ira,ma,m,a,ra,3,2
3198,nagireddy,name,ddy,na,n,y,dy,3,3
3199,laxman,name,man,la,l,n,an,2,1
3200,goli,surname,oli,go,g,i,li,2,2
3202,dekkam,surname,kam,de,d,m,am,2,2
3205,sravana,name,ana,sr,s,a,na,3,1
3207,podapala,surname,ala,po,p,a,la,4,2
3208,dasari,name,ari,da,d,i,ri,3,2
3210,manne,surname,nne,ma,m,e,ne,2,2
3211,ajay,surname,jay,aj,a,y,ay,2,1
3214,manjula,surname,ula,ma,m,a,la,3,2
3215,jupally,name,lly,ju,j,y,ly,2,2
3219,satheesh,name,esh,sa,s,h,sh,3,2
3222,adepu,surname,epu,ad,a,u,pu,3,3
3223,varalaxmi,name,xmi,va,v,i,mi,4,2
3226,venkatreddy,name,ddy,ve,v,y,dy,3,2
3227,samula,surname,ula,sa,s,a,la,3,2
3231,ganta,surname,nta,ga,g,a,ta,2,1
3232,bosubabu,surname,abu,bo,b,u,bu,4,3
3238,pravinreddy,name,ddy,pr,p,y,dy,3,3
3239,sambaru,name,aru,sa,s,u,ru,3,2
3240,venkatnarayan,name,yan,ve,v,n,an,5,2
3244,kakoonoori,surname,ori,ka,k,i,ri,6,3
3245,kameshwaramma,name,mma,ka,k,a,ma,5,2
3248,kakoonoor,surname,oor,ka,k,r,or,5,2
3249,kanakalakshmi,name,hmi,ka,k,i,mi,5,2
3250,koteshwar,name,war,ko,k,r,ar,3,3
3255,shek.jan,surname,jan,sh,s,n,an,2,2
3257,derangula.adukond,name,ond,de,d,d,nd,7,4
3258,alu,name,alu,al,a,u,lu,2,2
3260,appiareddy,name,ddy,ap,a,y,dy,4,3
3264,lokineni,surname,eni,lo,l,i,ni,4,3
3267,yudem,surname,dem,yu,y,m,em,2,2
3269,areka,name,eka,ar,a,a,ka,3,2
3270,tla,name,tla,tl,t,a,la,1,1
3271,nagendramma,name,mma,na,n,a,ma,4,2
3278,burra.lingaiah,surname,iah,bu,b,h,ah,6,3
3282,burra.venkateswar,surname,war,bu,b,r,ar,6,3
3292,dharmendar,name,dar,dh,d,r,ar,3,2
3301,jayaramiareddy,name,ddy,ja,j,y,dy,6,3
3302,jhansi,name,nsi,jh,j,i,si,2,2
3314,balenaboyina,surname,ina,ba,b,a,na,6,4
3315,hanumantu,name,ntu,ha,h,u,tu,4,2
3320,pendyal,name,yal,pe,p,l,al,2,2
3321,e.varprasadrao,name,rao,e.,e,o,ao,6,3
3323,amlingareddy,name,ddy,am,a,y,dy,4,3
3324,pedayala,surname,ala,pe,p,a,la,4,2
3325,udayalakshmi,name,hmi,ud,u,i,mi,5,3
3329,bhikshmareddy,surname,ddy,bh,b,y,dy,3,3
3331,balina,name,ina,ba,b,a,na,3,2
3332,magada,surname,ada,ma,m,a,da,3,1
3333,kotiraju,surname,aju,ko,k,u,ju,4,4
3334,kannam,name,nam,ka,k,m,am,2,1
3336,maddira,surname,ira,ma,m,a,ra,3,2
3338,sareddi,name,ddi,sa,s,i,di,3,3
3340,kanneboyina,surname,ina,ka,k,a,na,5,4
3346,sunkurboyina,name,ina,su,s,a,na,5,4
3348,chlalala,name,ala,ch,c,a,la,3,1
3349,pullaiahchari,name,ari,pu,p,i,ri,6,3
3351,mustafa,name,afa,mu,m,a,fa,3,2
3353,haimad,surname,mad,ha,h,d,ad,3,2
3357,sakeenabegam,surname,gam,sa,s,m,am,6,2
3359,jarinabegam,name,gam,ja,j,m,am,5,3
3361,nasimha,name,mha,na,n,a,ha,3,2
3363,sambhshiwareddi,name,ddi,sa,s,i,di,5,3
3364,anagani,surname,ani,an,a,i,ni,4,2
3365,venkataprameela,name,ela,ve,v,a,la,7,2
3366,yegiti.krishnaiah,name,iah,ye,y,h,ah,7,3
3371,jamila,name,ila,ja,j,a,la,3,2
3372,beagum,surname,gum,be,b,m,um,3,3
3375,punnr,name,nnr,pu,p,r,nr,1,1
3377,nagamalleswari,name,ari,na,n,i,ri,6,3
3378,jakkala,surname,ala,ja,j,a,la,3,1
3380,vatepu.saidulu,name,ulu,va,v,u,lu,7,4
3381,bhisam,name,sam,bh,b,m,am,2,2
3388,rehana,name,ana,re,r,a,na,3,2
3390,meerabee,surname,bee,me,m,e,ee,5,2
3392,lalu,surname,alu,la,l,u,lu,2,2
3395,pathan,surname,han,pa,p,n,an,2,1
3399,begam,name,gam,be,b,m,am,2,2
3400,abdul,name,dul,ab,a,l,ul,2,2
3401,mazid,surname,zid,ma,m,d,id,2,2
3403,sanaka.lakshmanar,name,nar,sa,s,r,ar,6,1
3404,ao,surname,ao,ao,a,o,ao,2,2
3405,vahid,name,hid,va,v,d,id,2,2
3407,ravikuntla.ramakrishan,name,han,ra,r,n,an,8,3
3409,kuri,surname,uri,ku,k,i,ri,2,2
3411,tirpatamma,name,mma,ti,t,a,ma,4,2
3413,\danalaxmi,name,xmi,\d,\,i,mi,4,2
3417,somaiah,name,iah,so,s,h,ah,4,3
3419,buchibabu,name,abu,bu,b,u,bu,4,3
3421,giri,name,iri,gi,g,i,ri,2,1
3424,kamalamma,name,mma,ka,k,a,ma,4,1
3428,shetty,surname,tty,sh,s,y,ty,1,1
3429,venkatesh,name,esh,ve,v,h,sh,3,2
3430,sancharu,surname,aru,sa,s,u,ru,3,2
3434,palelli,surname,lli,pa,p,i,li,3,3
3437,balakrishan,name,han,ba,b,n,an,4,2
3441,shivnageshwaramma,name,mma,sh,s,a,ma,6,3
3442,venugopal,name,pal,ve,v,l,al,4,4
3443,garikapati,surname,ati,ga,g,i,ti,5,2
3447,upenderamma,name,mma,up,u,a,ma,5,3
3453,bheemaiah,name,iah,bh,b,h,ah,5,3
3455,krishnakumari,name,ari,kr,k,i,ri,5,3
3456,sheku,surname,eku,sh,s,u,ku,2,2
3457,bishmillabhi,name,bhi,bi,b,i,hi,4,2
3459,innaiah,surname,iah,in,i,h,ah,4,2
3461,komraju,surname,aju,ko,k,u,ju,3,3
3464,ellaiah,name,iah,el,e,h,ah,4,3
3473,pasham.venkatareddi,surname,ddi,pa,p,i,di,7,3
3474,pasham.narsi,surname,rsi,pa,p,i,si,4,2
3476,pasham.,surname,am.,pa,p,0,m.,2,1
3480,perboyina,surname,ina,pe,p,a,na,4,4
3484,pally,surname,lly,pa,p,y,ly,1,1
3486,rangareddy,name,ddy,ra,r,y,dy,3,2
3487,gannoju,surname,oju,ga,g,u,ju,3,3
3488,potulurachari,surname,ari,po,p,i,ri,6,4
3490,virakumari,name,ari,vi,v,i,ri,5,3
3496,yalmandareddy,name,ddy,ya,y,y,dy,4,2
3498,gowardhanreddy,name,ddy,go,g,y,dy,4,3
3500,raamkotamma,name,mma,ra,r,a,ma,5,2
3501,challala.srinivasachary,surname,ary,ch,c,y,ry,8,2
3503,balkotireddy,surname,ddy,ba,b,y,dy,4,4
3507,janardhanreddy,surname,ddy,ja,j,y,dy,4,2
3512,jalla,surname,lla,ja,j,a,la,2,1
3513,jaganmohini,name,ini,ja,j,i,ni,5,3
3514,mudem.shambireddy,surname,ddy,mu,m,y,dy,5,4
3519,devaram,surname,ram,de,d,m,am,3,2
3522,nakka.krishnaiah,surname,iah,na,n,h,ah,6,2
3525,pandillapalli.shambireddy,surname,ddy,pa,p,y,dy,8,3
3526,abeda,surname,eda,ab,a,a,da,3,2
3528,baggur,name,gur,ba,b,r,ur,2,2
3533,noorubhi,surname,bhi,no,n,i,hi,4,3
3537,sakuntala,name,ala,sa,s,a,la,4,2
3538,rasmdugu,surname,ugu,ra,r,u,gu,3,2
3539,endira,name,ira,en,e,a,ra,3,3
3543,jameelabegam,surname,gam,ja,j,m,am,6,2
3544,aparna,name,rna,ap,a,a,na,3,1
3545,rachamadugu,surname,ugu,ra,r,u,gu,5,2
3548,kakunoori.ravindrareddy,name,ddy,ka,k,y,dy,9,5
3549,somula,name,ula,so,s,a,la,3,3
3550,bangaramma,name,mma,ba,b,a,ma,4,1
3552,gurwareddi,name,ddi,gu,g,i,di,4,4
3553,pattipati.prabhakar,surname,kar,pa,p,r,ar,7,2
3555,yirigela,surname,ela,yi,y,a,la,4,3
3557,yirgeela,surname,ela,yi,y,a,la,4,3
3560,irigala,name,ala,ir,i,a,la,4,2
3562,venkatavamma,name,mma,ve,v,a,ma,5,2
3563,kanagala.srinivasarao,surname,rao,ka,k,o,ao,10,3
3564,bandela.amulu,surname,ulu,ba,b,u,lu,6,3
3565,parimi,name,imi,pa,p,i,mi,3,2
3566,sooramma,name,mma,so,s,a,ma,4,2
3567,bhathula.sambaiah,surname,iah,bh,b,h,ah,7,3
3568,golla,surname,lla,go,g,a,la,2,2
3569,padamavathi,name,thi,pa,p,i,hi,5,2
3570,pillutla,surname,tla,pi,p,a,la,3,3
3574,pilutla.rajesh,name,esh,pi,p,h,sh,5,4
3575,egata,surname,ata,eg,e,a,ta,3,2
3583,manemma,surname,mma,ma,m,a,ma,3,2
3584,yegti,surname,gti,ye,y,i,ti,2,2
3586,egti,surname,gti,eg,e,i,ti,2,2
3589,sagar,name,gar,sa,s,r,ar,2,1
3590,boggarapu,surname,apu,bo,b,u,pu,4,3
3592,boggarpu,surname,rpu,bo,b,u,pu,3,3
3593,saraspati,name,ati,sa,s,i,ti,4,2
3595,sandhsarani,name,ani,sa,s,i,ni,4,2
3596,narukula,surname,ula,na,n,a,la,4,2
3598,baare,surname,are,ba,b,e,re,3,2
3600,epuri,name,uri,ep,e,i,ri,3,3
3605,dhamarla.nagaiah,surname,iah,dh,d,h,ah,7,2
3608,nagalli,name,lli,na,n,i,li,3,2
3609,bharatamma,name,mma,bh,b,a,ma,4,1
3610,nagalla,surname,lla,na,n,a,la,3,1
3614,nagella,surname,lla,na,n,a,la,3,2
3617,chinnaveerababu,name,abu,ch,c,u,bu,7,4
3619,sashamma,name,mma,sa,s,a,ma,3,1
3626,gudipati,name,ati,gu,g,i,ti,4,3
3630,ravibabu,name,abu,ra,r,u,bu,4,3
3631,orchu,surname,chu,or,o,u,hu,2,2
3633,pitla,surname,tla,pi,p,a,la,2,2
3634,durgarao,name,rao,du,d,o,ao,4,3
3638,bagyalakshmi,name,hmi,ba,b,i,mi,4,2
3639,arabandi,surname,ndi,ar,a,i,di,4,2
3641,komati,surname,ati,ko,k,i,ti,3,3
3656,rambayamma,name,mma,ra,r,a,ma,4,1
3658,prasanna,name,nna,pr,p,a,na,3,1
3660,vuputhalla,surname,lla,vu,v,a,la,4,2
3661,karungula,name,ula,ka,k,a,la,4,2
3664,ravikumar,name,mar,ra,r,r,ar,4,3
3666,kanaka,name,aka,ka,k,a,ka,3,1
3668,uppatalli,surname,lli,up,u,i,li,4,3
3670,uppatala.balakrishan,surname,han,up,u,n,an,8,3
3671,kotha.prardasardhi,surname,dhi,ko,k,i,hi,6,3
3674,nalla,surname,lla,na,n,a,la,2,1
3675,ramakrishna,name,hna,ra,r,a,na,4,2
3682,vuppatala,surname,ala,vu,v,a,la,4,2
3683,gurram,surname,ram,gu,g,m,am,2,2
3690,venula,surname,ula,ve,v,a,la,3,3
3693,ramlakshmamma,name,mma,ra,r,a,ma,4,1
3695,kameshwari,name,ari,ka,k,i,ri,4,3
3696,bandarupalli.pavan,surname,van,ba,b,n,an,7,3
3698,bandarupalli,surname,lli,ba,b,i,li,5,3
3701,gousiabegum,name,gum,go,g,m,um,6,5
3702,satuluri,surname,uri,sa,s,i,ri,4,3
3704,vangaviti.saibaba,name,aba,va,v,a,ba,8,2
3705,kotha.sheokoteshw,surname,shw,ko,k,w,hw,6,3
3706,ara,surname,ara,ar,a,a,ra,2,1
3708,jilla,surname,lla,ji,j,a,la,2,2
3710,gopireddy.nagendar,surname,dar,go,g,r,ar,6,4
3712,shek.hemampasha,name,sha,sh,s,a,ha,5,2
3715,surya,name,rya,su,s,a,ya,2,2
3716,devara,surname,ara,de,d,a,ra,3,2
3720,rajita,name,ita,ra,r,a,ta,3,2
3722,sarojanamma,name,mma,sa,s,a,ma,5,2
3726,bijambi,surname,mbi,bi,b,i,bi,3,2
3727,domal,surname,mal,do,d,l,al,2,2
3728,lakshmidevi,name,evi,la,l,i,vi,4,3
3729,suryadevara,name,ara,su,s,a,ra,5,3
3732,bhasivi,surname,ivi,bh,b,i,vi,3,2
3741,pushpavathi,name,thi,pu,p,i,hi,4,3
3742,peramasani,surname,ani,pe,p,i,ni,5,3
3743,maila.nagireddy,surname,ddy,ma,m,y,dy,6,3
3744,maila,surname,ila,ma,m,a,la,3,2
3745,ramireddy,name,ddy,ra,r,y,dy,3,3
3748,gopiareddy,name,ddy,go,g,y,dy,4,4
3750,koppala,surname,ala,ko,k,a,la,3,2
3754,gajjela,surname,ela,ga,g,a,la,3,2
3758,gaja,surname,aja,ga,g,a,ja,2,1
3761,akul.koteshwara,surname,ara,ak,a,a,ra,6,4
3765,sutari,surname,ari,su,s,i,ri,3,3
3768,sala,surname,ala,sa,s,a,la,2,1
3774,pastam,name,tam,pa,p,m,am,2,1
3776,kallem,name,lem,ka,k,m,em,2,2
3778,rathnam,name,nam,ra,r,m,am,2,1
3779,motmu,surname,tmu,mo,m,u,mu,2,2
3781,miryala,surname,ala,mi,m,a,la,3,2
3782,mutyaali,surname,ali,mu,m,i,li,4,3
3788,dudduri,surname,uri,du,d,i,ri,3,2
3790,badavtu,surname,vtu,ba,b,u,tu,3,2
3793,vasantakumari,name,ari,va,v,i,ri,6,3
3798,banala.innaiah,name,iah,ba,b,h,ah,7,2
3799,banala.rajesh,name,esh,ba,b,h,sh,5,2
3800,chlalala.gopaiah,surname,iah,ch,c,h,ah,7,3
3807,anantamma,name,mma,an,a,a,ma,4,1
3810,mohan,name,han,mo,m,n,an,2,2
3819,chittipalli.seshadri,name,dri,ch,c,i,ri,7,3
3822,kanchara.chandraiah,name,iah,ka,k,h,ah,7,2
3823,samba,surname,mba,sa,s,a,ba,2,1
3825,kancherla,surname,rla,ka,k,a,la,3,2
3826,singaraiah,name,iah,si,s,h,ah,5,2
3828,karatpu,name,tpu,ka,k,u,pu,3,2
3830,gaddam,surname,dam,ga,g,m,am,2,1
3834,chatla,surname,tla,ch,c,a,la,2,1
3835,maryamma,name,mma,ma,m,a,ma,3,1
3836,gorrepati,surname,ati,go,g,i,ti,4,4
3838,thaniru.chinnappa,name,ppa,th,t,a,pa,6,3
3839,ruddapangu.ravi,surname,avi,ru,r,i,vi,6,3
3842,komar,name,mar,ko,k,r,ar,2,2
3843,tammiraju,name,aju,ta,t,u,ju,4,3
3846,alla,surname,lla,al,a,a,la,2,1
3847,rajeshvari,name,ari,ra,r,i,ri,4,3
3852,lella,surname,lla,le,l,a,la,2,2
3855,ranga,name,nga,ra,r,a,ga,2,1
3857,rudhrapangu,surname,ngu,ru,r,u,gu,4,2
3861,bangaraiah,surname,iah,ba,b,h,ah,5,2
3863,mettam,name,tam,me,m,m,am,2,2
3867,kopula,surname,ula,ko,k,a,la,3,3
3871,velagandula,surname,ula,ve,v,a,la,5,3
3876,venkayamma,name,mma,ve,v,a,ma,4,2
3877,tummalchervu.anilkumar,surname,mar,tu,t,r,ar,8,4
3878,chaudari,name,ari,ch,c,i,ri,4,3
3879,sheoleel,name,eel,sh,s,l,el,4,2
3881,hanumamma,name,mma,ha,h,a,ma,4,2
3889,lakshmavamma,name,mma,la,l,a,ma,4,1
3891,elamanchamma,name,mma,el,e,a,ma,5,2
3892,emula.shambaiah,surname,iah,em,e,h,ah,7,4
3896,ellamma,name,mma,el,e,a,ma,3,2
3898,sukkamma,name,mma,su,s,a,ma,3,2
3903,ramavarapu.rangachar,name,har,ra,r,r,ar,8,2
3904,neelam,name,lam,ne,n,m,am,3,2
3905,vijaybhaskar,name,kar,vi,v,r,ar,4,2
3906,yam.d.vahid,surname,hid,ya,y,d,id,3,2
3907,r.j.karthik,surname,hik,r.,r,k,ik,2,2
3909,madvi,name,dvi,ma,m,i,vi,2,2
3910,duggupati,surname,ati,du,d,i,ti,4,3
3914,devanaboina,surname,ina,de,d,a,na,6,4
3916,chilla,name,lla,ch,c,a,la,2,2
3917,leelavathi,name,thi,le,l,i,hi,5,3
3920,narra,surname,rra,na,n,a,ra,2,1
3921,revathi,name,thi,re,r,i,hi,3,3
3922,rathnam.jayaprabhu,surname,bhu,ra,r,u,hu,6,2
3923,angotu,surname,otu,an,a,u,tu,3,3
3925,nunavat,name,vat,nu,n,t,at,3,2
3928,laxmikanta,name,nta,la,l,a,ta,4,2
3929,chikatla,surname,tla,ch,c,a,la,3,2
3931,jalla.ramu,surname,amu,ja,j,u,mu,4,2
3935,darla,surname,rla,da,d,a,la,2,1
3937,kamana,surname,ana,ka,k,a,na,3,1
3939,koneni,surname,eni,ko,k,i,ni,3,3
3946,salagala,name,ala,sa,s,a,la,4,1
3947,srinadh,name,adh,sr,s,h,dh,2,2
3948,vandanapu,surname,apu,va,v,u,pu,4,2
3952,nilam,surname,lam,ni,n,m,am,2,2
3954,verigallavimladevi,name,evi,ve,v,i,vi,8,3
3956,vijaykumari,name,ari,vi,v,i,ri,5,3
3957,byraju,name,aju,by,b,u,ju,2,2
3958,banu,name,anu,ba,b,u,nu,2,2
3959,prabh,name,abh,pr,p,h,bh,1,1
3960,uppalapati,name,ati,up,u,i,ti,5,3
3962,bolla,surname,lla,bo,b,a,la,2,2
3963,veerarani,name,ani,ve,v,i,ni,5,3
3964,achanta,name,nta,ac,a,a,ta,3,1
3965,pavni,name,vni,pa,p,i,ni,2,2
3966,bollasatyavati,name,ati,bo,b,i,ti,6,3
3967,gadde,surname,dde,ga,g,e,de,2,2
3972,ayinam,surname,nam,ay,a,m,am,3,2
3973,pudinaglakshmi,name,hmi,pu,p,i,mi,5,3
3974,mrsarasvatidevi,name,evi,mr,m,i,vi,6,3
3975,ganti,name,nti,ga,g,i,ti,2,2
3978,tatina,surname,ina,ta,t,a,na,3,2
3979,tulasi,name,asi,tu,t,i,si,3,3
3981,edpugantieashwari,name,ari,ed,e,i,ri,8,4
3983,"g,",surname,"g,","g,",g,",","g,",0,0
3984,duggirala,surname,ala,du,d,a,la,4,3
3987,anuradha,name,dha,an,a,a,ha,4,2
3989,venkateshwararao,name,rao,ve,v,o,ao,7,3
3993,karimmulla,name,lla,ka,k,a,la,4,3
3994,mehetajunnisa,surname,isa,me,m,a,sa,6,4
3995,kannapuram,surname,ram,ka,k,m,am,4,2
3996,mukteshwaravu,name,avu,mu,m,u,vu,5,3
4002,vijayakumari,name,ari,vi,v,i,ri,6,3
4003,kommineni,surname,eni,ko,k,i,ni,4,3
4008,veera,name,era,ve,v,a,ra,3,2
4009,shekhar,name,har,sh,s,r,ar,2,2
4016,devar,surname,var,de,d,r,ar,2,2
4018,mandipudi,surname,udi,ma,m,i,di,4,3
4021,noorjahan,name,han,no,n,n,an,4,2
4022,vaka,surname,aka,va,v,a,ka,2,1
4023,manishwaramma,name,mma,ma,m,a,ma,5,2
4024,shek.dadaklindhar,name,har,sh,s,r,ar,5,3
4026,panakalrao,name,rao,pa,p,o,ao,5,2
4028,abdulrahim,name,him,ab,a,m,im,4,3
4030,anisha,name,sha,an,a,a,ha,3,2
4031,uppulapati,surname,ati,up,u,i,ti,5,3
4032,ramachandrarao,name,rao,ra,r,o,ao,6,2
4033,am,name,am,am,a,m,am,1,1
4034,j,surname,j,j,j,j,j,0,0
4035,namu,surname,amu,na,n,u,mu,2,2
4036,jampala,surname,ala,ja,j,a,la,3,1
4037,jhansirani,surname,ani,jh,j,i,ni,4,2
4038,maddoju,surname,oju,ma,m,u,ju,3,3
4042,kodavli,surname,vli,ko,k,i,li,3,3
4043,jagadamba,name,mba,ja,j,a,ba,4,1
4044,siddani,surname,ani,si,s,i,ni,3,2
4051,tummalachervu,surname,rvu,tu,t,u,vu,5,3
4053,sidhani,surname,ani,si,s,i,ni,3,2
4055,c.h.m.,name,.m.,c.,c,0,m.,0,0
4056,subhani,name,ani,su,s,i,ni,3,3
4058,mastanbhi,name,bhi,ma,m,i,hi,3,2
4063,bikkana,surname,ana,bi,b,a,na,3,2
4065,rukminamma,name,mma,ru,r,a,ma,4,3
4066,banavat,surname,vat,ba,b,t,at,3,1
4067,badya,name,dya,ba,b,a,ya,2,1
4069,sakkubai,name,bai,sa,s,i,ai,4,3
4071,koteswarao,name,rao,ko,k,o,ao,5,3
4077,narsimharavu,name,avu,na,n,u,vu,5,3
4080,koneti,surname,eti,ko,k,i,ti,3,3
4082,konneti,surname,eti,ko,k,i,ti,3,3
4087,rajyam,name,yam,ra,r,m,am,2,1
4088,pulijaal,surname,aal,pu,p,l,al,4,3
4089,sridhar,surname,har,sr,s,r,ar,2,2
4091,veeramanchaneni,name,eni,ve,v,i,ni,7,3
4093,lagdpati,surname,ati,la,l,i,ti,3,2
4094,asha,name,sha,as,a,a,ha,2,1
4095,lagadapati,surname,ati,la,l,i,ti,5,2
4096,hanumantha,name,tha,ha,h,a,ha,4,2
4100,subba,name,bba,su,s,a,ba,2,2
4106,rajini,name,ini,ra,r,i,ni,3,2
4107,piriya,name,iya,pi,p,a,ya,3,2
4108,mallela,surname,ela,ma,m,a,la,3,2
4110,malle,name,lle,ma,m,e,le,2,2
4116,bingi,surname,ngi,bi,b,i,gi,2,1
4117,krishandevrayalu,name,alu,kr,k,u,lu,6,4
4124,vishnu,name,hnu,vi,v,u,nu,2,2
4126,kanuri,surname,uri,ka,k,i,ri,3,3
4129,chandra,name,dra,ch,c,a,ra,2,1
4132,bajamhal,surname,hal,ba,b,l,al,3,1
4133,venkateshwaravu,name,avu,ve,v,u,vu,6,3
4134,baja,name,aja,ba,b,a,ja,2,1
4135,mahal,name,hal,ma,m,l,al,2,1
4136,phanikumar,name,mar,ph,p,r,ar,4,3
4137,bajmahal,surname,hal,ba,b,l,al,3,1
4138,usharani,surname,ani,us,u,i,ni,4,3
4139,bhookya,surname,kya,bh,b,a,ya,3,2
4141,ramja.kesavaraju,surname,aju,ra,r,u,ju,7,3
4145,valivarthi,name,thi,va,v,i,hi,4,2
4149,valivarti,surname,rti,va,v,i,ti,4,2
4155,sribhdur,name,dur,sr,s,r,ur,2,2
4156,taapa,surname,apa,ta,t,a,pa,3,1
4157,puligorla,surname,rla,pu,p,a,la,4,4
4158,balachennaiah,name,iah,ba,b,h,ah,6,3
4159,devirana,name,ana,de,d,a,na,4,3
4161,bahdur,surname,dur,ba,b,r,ur,2,2
4162,kosuri,surname,uri,ko,k,i,ri,3,3
4163,prabhavathi,name,thi,pr,p,i,hi,4,2
4164,gaddmidi,surname,idi,ga,g,i,di,3,2
4165,parshuram,name,ram,pa,p,m,am,3,2
4168,pulagorla,surname,rla,pu,p,a,la,4,3
4169,anjanamma,name,mma,an,a,a,ma,4,1
4170,bellamkonda,surname,nda,be,b,a,da,4,3
4176,shrihari,name,ari,sh,s,i,ri,3,2
4177,devapangu.venkata,name,ata,de,d,a,ta,7,3
4179,devam,surname,vam,de,d,m,am,2,2
4180,dla,surname,dla,dl,d,a,la,1,1
4186,rampalli,surname,lli,ra,r,i,li,3,2
4192,sandineni,surname,eni,sa,s,i,ni,4,3
4197,mittakolu,surname,olu,mi,m,u,lu,4,4
4198,saindineni.shravan,name,van,sa,s,n,an,7,3
4200,gunti.ramakrishan,surname,han,gu,g,n,an,6,3
4201,parvatneni.srinivasarao,surname,rao,pa,p,o,ao,10,4
4202,chillanche,surname,che,ch,c,e,he,3,3
4203,rla,surname,rla,rl,r,a,la,1,1
4204,subrahmanyam,name,yam,su,s,m,am,4,2
4205,pillaia.narendrakumar,surname,mar,pi,p,r,ar,9,4
4206,korla.madhu,surname,dhu,ko,k,u,hu,4,3
4207,bellankonda.bhaskar,name,kar,be,b,r,ar,6,3
4208,challa.sheo,surname,heo,ch,c,o,eo,4,3
4209,buddala.venkata,surname,ata,bu,b,a,ta,6,3
4211,peddamma.sarangap,name,gap,pe,p,p,ap,6,2
4212,ani,name,ani,an,a,i,ni,2,2
4213,kanakalla,surname,lla,ka,k,a,la,4,1
4215,nallapuraju.suryanarainraj,surname,raj,na,n,j,aj,11,3
4216,u,surname,u,u,u,u,u,1,1
4217,mosa.appala,surname,ala,mo,m,a,la,5,2
4220,narasamma,name,mma,na,n,a,ma,4,1
4222,boy,name,boy,bo,b,y,oy,1,1
4223,papanna,surname,nna,pa,p,a,na,3,1
4225,subhashin,name,hin,su,s,n,in,3,3
4231,matta,surname,tta,ma,m,a,ta,2,1
4233,mrsala,surname,ala,mr,m,a,la,2,1
4248,svami,name,ami,sv,s,i,mi,2,2
4252,saramma,name,mma,sa,s,a,ma,3,1
4254,sreeshala,surname,ala,sr,s,a,la,4,2
4259,himabindu,name,ndu,hi,h,u,du,4,3
4261,sushma,name,hma,su,s,a,ma,2,2
4270,viretti,surname,tti,vi,v,i,ti,3,2
4271,kumarasvami,name,ami,ku,k,i,mi,5,3
4275,peddivenkatrao,name,rao,pe,p,o,ao,6,4
4277,dhanamma,name,mma,dh,d,a,ma,3,1
4278,veereti,surname,eti,ve,v,i,ti,4,2
4281,sowbhagyamma,name,mma,so,s,a,ma,4,2
4285,srinivasareddy,name,ddy,sr,s,y,dy,5,3
4286,gajjala,surname,ala,ga,g,a,la,3,1
4296,viraswami,name,ami,vi,v,i,mi,4,2
4297,orpu,surname,rpu,or,o,u,pu,2,2
4298,subbamma,name,mma,su,s,a,ma,3,2
4306,srinivasachary,name,ary,sr,s,y,ry,5,2
4310,parilongu,surname,ngu,pa,p,u,gu,4,4
4313,vallapudasu,surname,asu,va,v,u,su,5,2
4314,bimishetty,surname,tty,bi,b,y,ty,3,2
4317,govindachari,name,ari,go,g,i,ri,5,3
4318,bheemisetty,surname,tty,bh,b,y,ty,4,2
4323,bapaiah,surname,iah,ba,b,h,ah,4,2
4326,upputallabhagyamm,name,amm,up,u,m,mm,6,2
4331,naramma,name,mma,na,n,a,ma,3,1
4332,pandellapelli,name,lli,pa,p,i,li,5,3
4333,shambireddy,name,ddy,sh,s,y,dy,3,3
4334,negi,surname,egi,ne,n,i,gi,2,2
4336,nageswar,name,war,na,n,r,ar,3,2
4339,seshaiah,name,iah,se,s,h,ah,4,3
4340,kalyan,name,yan,ka,k,n,an,2,1
4343,thokala,surname,ala,th,t,a,la,3,2
4345,buddi,name,ddi,bu,b,i,di,2,2
4350,mulkalapalli,surname,lli,mu,m,i,li,5,3
4356,samala,name,ala,sa,s,a,la,3,1
4360,mireti,surname,eti,mi,m,i,ti,3,2
4364,kaki,surname,aki,ka,k,i,ki,2,2
4366,chinnapareddy,name,ddy,ch,c,y,dy,4,3
4368,balreddy,name,ddy,ba,b,y,dy,2,2
4372,vemulu,surname,ulu,ve,v,u,lu,3,2
4376,khale,surname,ale,kh,k,e,le,2,2
4377,mastan,name,tan,ma,m,n,an,2,1
4399,gudapati,surname,ati,gu,g,i,ti,4,3
4400,gouri,name,uri,go,g,i,ri,3,3
4401,bhargava,name,ava,bh,b,a,va,3,1
4402,nalleboina,surname,ina,na,n,a,na,5,4
4408,gopinadh,name,adh,go,g,h,dh,3,3
4409,tumma,surname,mma,tu,t,a,ma,2,2
4416,raviteja,name,eja,ra,r,a,ja,4,3
4417,karingula,surname,ula,ka,k,a,la,4,3
4419,yalakaraju,name,aju,ya,y,u,ju,5,2
4422,laxmalla,name,lla,la,l,a,la,3,1
4430,patti,surname,tti,pa,p,i,ti,2,2
4434,orssu,name,ssu,or,o,u,su,2,2
4435,jainabee,surname,bee,ja,j,e,ee,5,3
4436,mahammad,name,mad,ma,m,d,ad,3,1
4442,manisha,name,sha,ma,m,a,ha,3,2
4443,kethi,surname,thi,ke,k,i,hi,2,2
4446,bokka,surname,kka,bo,b,a,ka,2,2
4451,ranjith,name,ith,ra,r,h,th,2,2
4454,medara,surname,ara,me,m,a,ra,3,2
4455,raja,name,aja,ra,r,a,ja,2,1
4457,lakkakula,surname,ula,la,l,a,la,4,2
4458,parashu,name,shu,pa,p,u,hu,3,2
4461,singamsetti,name,tti,si,s,i,ti,4,3
4464,seethaiah,name,iah,se,s,h,ah,5,3
4465,thumula,name,ula,th,t,a,la,3,2
4466,najura,name,ura,na,n,a,ra,3,2
4468,thirapathamma,name,mma,th,t,a,ma,5,2
4472,ratnarao,name,rao,ra,r,o,ao,4,2
4473,venepalli,surname,lli,ve,v,i,li,4,3
4476,kummara,name,ara,ku,k,a,ra,3,2
4477,bhulakshmi,name,hmi,bh,b,i,mi,3,3
4478,thirumalesh,name,esh,th,t,h,sh,4,4
4479,pindi,surname,ndi,pi,p,i,di,2,1
4480,satish,name,ish,sa,s,h,sh,2,2
4481,eedupugandi,surname,ndi,ee,e,i,di,6,4
4484,mupparapu,surname,apu,mu,m,u,pu,4,2
4485,balaji,name,aji,ba,b,i,ji,3,2
4486,banavath,surname,ath,ba,b,h,th,3,1
4487,marri,surname,rri,ma,m,i,ri,2,2
4489,dorji,surname,rji,do,d,i,ji,2,2
4490,naik,name,aik,na,n,k,ik,2,2
4491,nunavathu,surname,thu,nu,n,u,hu,4,2
4493,parvataneni,name,eni,pa,p,i,ni,5,3
4494,kosgi,surname,sgi,ko,k,i,gi,2,2
4495,jagdish,name,ish,ja,j,h,sh,2,2
4496,ambati,surname,ati,am,a,i,ti,3,2
4498,uppala,surname,ala,up,u,a,la,3,2
4499,venkatakrishnarao,name,rao,ve,v,o,ao,7,4
4501,balranga,surname,nga,ba,b,a,ga,3,1
4503,nagulavancha,name,cha,na,n,a,ha,5,2
4504,gopala,surname,ala,go,g,a,la,3,2
4506,kottapalli,surname,lli,ko,k,i,li,4,3
4507,sridevi,name,evi,sr,s,i,vi,3,2
4511,srinivasulu,name,ulu,sr,s,u,lu,5,3
4512,siddam,surname,dam,si,s,m,am,2,2
4514,devi,name,evi,de,d,i,vi,2,2
4518,ragaiah,name,iah,ra,r,h,ah,4,2
4524,trirdulu,surname,ulu,tr,t,u,lu,3,2
4526,priyanka,name,nka,pr,p,a,ka,3,2
4527,gongoli,surname,oli,go,g,i,li,3,2
4528,chndrakala,name,ala,ch,c,a,la,3,1
4539,adarsh,name,rsh,ad,a,h,sh,2,1
4541,bhogala,surname,ala,bh,b,a,la,3,2
4543,sndhya,name,hya,sn,s,a,ya,1,1
4546,somaganti,surname,nti,so,s,i,ti,4,3
4547,meghanadha,name,dha,me,m,a,ha,4,2
4549,peddappannagari,surname,ari,pe,p,i,ri,6,3
4551,eswari,name,ari,es,e,i,ri,3,3
4553,santhosh,name,osh,sa,s,h,sh,2,2
4559,madar,surname,dar,ma,m,r,ar,2,1
4560,saheb,surname,heb,sa,s,b,eb,2,2
4561,sheik,surname,eik,sh,s,k,ik,2,2
4564,setti,name,tti,se,s,i,ti,2,2
4565,mounisha,name,sha,mo,m,a,ha,4,4
4569,nunnagoppula,surname,ula,nu,n,a,la,5,3
4572,pavani,name,ani,pa,p,i,ni,3,2
4585,thammi,surname,mmi,th,t,i,mi,2,2
4591,sekhar,name,har,se,s,r,ar,2,2
4595,dudaka,surname,aka,du,d,a,ka,3,2
4596,chanpasha,name,sha,ch,c,a,ha,3,1
4604,bhagya,name,gya,bh,b,a,ya,2,1
4611,ramalaxmi,name,xmi,ra,r,i,mi,4,2
4613,narendar,name,dar,na,n,r,ar,3,2
4620,deshetti,surname,tti,de,d,i,ti,3,2
4625,koti,surname,oti,ko,k,i,ti,2,2
4627,punyala,surname,ala,pu,p,a,la,3,2
4628,pushpavati,name,ati,pu,p,i,ti,4,3
4637,prabhavati,name,ati,pr,p,i,ti,4,2
4638,darlapudi,surname,udi,da,d,i,di,4,3
4639,patel,name,tel,pa,p,l,el,2,2
4640,rampari,surname,ari,ra,r,i,ri,3,2
4641,anku,name,nku,an,a,u,ku,2,2
4643,gopireddy,name,ddy,go,g,y,dy,3,3
4648,niranjan,name,jan,ni,n,n,an,3,2
4657,maleswari,name,ari,ma,m,i,ri,4,3
4658,devanaboyina,surname,ina,de,d,a,na,6,4
4660,korra,surname,rra,ko,k,a,ra,2,2
4661,chetan,name,tan,ch,c,n,an,2,2
4666,marasu,surname,asu,ma,m,u,su,3,2
4667,ramalakshmi,name,hmi,ra,r,i,mi,4,2
4669,satyavani,name,ani,sa,s,i,ni,4,2
4671,shirajoddin,name,din,sh,s,n,in,4,3
4672,babawali,surname,ali,ba,b,i,li,4,2
4674,mubeena,name,ena,mu,m,a,na,4,3
4675,sulthana,name,ana,su,s,a,na,3,2
4678,spandana,name,ana,sp,s,a,na,3,1
4679,ayinampudi,surname,udi,ay,a,i,di,5,3
4682,malathi,name,thi,ma,m,i,hi,3,2
4684,no,surname,no,no,n,o,no,1,1
4685,shanikya,name,kya,sh,s,a,ya,3,2
4689,neraj,name,raj,ne,n,j,aj,2,2
4691,simah,name,mah,si,s,h,ah,2,2
4695,gunji,surname,nji,gu,g,i,ji,2,2
4697,pardha,name,dha,pa,p,a,ha,2,1
4698,saradi,name,adi,sa,s,i,di,3,2
4703,gonela,surname,ela,go,g,a,la,3,3
4709,kala,name,ala,ka,k,a,la,2,1
4718,mohanti,name,nti,mo,m,i,ti,3,3
4719,manjulatha,name,tha,ma,m,a,ha,4,2
4720,mahanti,name,nti,ma,m,i,ti,3,2
4724,teja,name,eja,te,t,a,ja,2,2
4727,sitala,name,ala,si,s,a,la,3,2
4728,sita,name,ita,si,s,a,ta,2,2
4731,jaheeruddin,name,din,ja,j,n,in,5,4
4733,janipasha,name,sha,ja,j,a,ha,4,2
4737,shankaraiah,name,iah,sh,s,h,ah,5,2
4742,miriyala,surname,ala,mi,m,a,la,4,2
4744,mandava,surname,ava,ma,m,a,va,3,1
4747,sudheer,name,eer,su,s,r,er,3,2
4754,vankayala,surname,ala,va,v,a,la,4,1
4763,nagarani,name,ani,na,n,i,ni,4,2
4764,ganji,surname,nji,ga,g,i,ji,2,2
4766,morymekala,surname,ala,mo,m,a,la,4,3
4767,saidabee,name,bee,sa,s,e,ee,5,3
4775,jakraya,surname,aya,ja,j,a,ya,3,1
4779,madhu,name,dhu,ma,m,u,hu,2,2
4780,kinera,name,era,ki,k,a,ra,3,3
4783,nandini,name,ini,na,n,i,ni,3,2
4784,tejavath,name,ath,te,t,h,th,3,2
4790,parambill,surname,ill,pa,p,l,ll,3,2
4791,sambashiva,name,iva,sa,s,a,va,4,2
4793,chukkabotla,surname,tla,ch,c,a,la,4,3
4794,saireddy,name,ddy,sa,s,y,dy,3,3
4797,e,name,e,e,e,e,e,1,1
4805,sudharshan,name,han,su,s,n,an,3,2
4806,papanaboina,surname,ina,pa,p,a,na,6,3
4808,gogulapalli,surname,lli,go,g,i,li,5,4
4813,sulthan,name,han,su,s,n,an,2,2
4814,sayyad,name,yad,sa,s,d,ad,2,1
4818,rehanabegum,name,gum,re,r,m,um,5,3
4820,jousmary,name,ary,jo,j,y,ry,3,3
4822,narmada,name,ada,na,n,a,da,3,1
4826,vineetha,name,tha,vi,v,a,ha,4,3
4827,chappa,surname,ppa,ch,c,a,pa,2,1
4834,amaraboyina,name,ina,am,a,a,na,6,3
